name,ward,lat,lng,zone,restaurant_count,restaurant_rating,restaurant_viability,restaurant_viability_norm,cafe_count,cafe_rating,cafe_viability,cafe_viability_norm,gym_count,gym_rating,gym_viability,gym_viability_norm,pharmacy_count,pharmacy_rating,pharmacy_viability,pharmacy_viability_norm,beauty_salon_count,beauty_salon_rating,beauty_salon_viability,beauty_salon_viability_norm,store_count,store_rating,store_viability,store_viability_norm,school_count,school_rating,school_viability,school_viability_norm,lodging_count,lodging_rating,lodging_viability,lodging_viability_norm,bar_count,bar_rating,bar_viability,bar_viability_norm,night_club_count,night_club_rating,night_club_viability,night_club_viability_norm
Grid_1,G,18.89,72.77,South Mumbai,0,0.0,0.0,0.0,0,0.0,0.0,0.0,0,0.0,0.0,0.0,0,0.0,0.0,0.0,0,0.0,0.0,0.0,0,0.0,0.0,0.0,0,0.0,0.0,0.0,0,0.0,0.0,0.0,0,0.0,0.0,0.0,0,0.0,0.0,0.0
Grid_2,G,18.89,72.79,South Mumbai,0,0.0,0.0,0.0,0,0.0,0.0,0.0,0,0.0,0.0,0.0,0,0.0,0.0,0.0,0,0.0,0.0,0.0,0,0.0,0.0,0.0,0,0.0,0.0,0.0,0,0.0,0.0,0.0,0,0.0,0.0,0.0,0,0.0,0.0,0.0
Grid_3,G,18.89,72.81,South Mumbai,0,0.0,0.0,0.0,0,0.0,0.0,0.0,0,0.0,0.0,0.0,0,0.0,0.0,0.0,0,0.0,0.0,0.0,0,0.0,0.0,0.0,4,3.75,24.13,1.3,0,0.0,0.0,0.0,0,0.0,0.0,0.0,0,0.0,0.0,0.0
Grid_4,G,18.89,72.83,South Mumbai,0,0.0,0.0,0.0,0,0.0,0.0,0.0,0,0.0,0.0,0.0,0,0.0,0.0,0.0,0,0.0,0.0,0.0,0,0.0,0.0,0.0,0,0.0,0.0,0.0,0,0.0,0.0,0.0,0,0.0,0.0,0.0,0,0.0,0.0,0.0
Grid_5,G,18.89,72.85,South Mumbai,0,0.0,0.0,0.0,0,0.0,0.0,0.0,0,0.0,0.0,0.0,0,0.0,0.0,0.0,0,0.0,0.0,0.0,0,0.0,0.0,0.0,0,0.0,0.0,0.0,0,0.0,0.0,0.0,0,0.0,0.0,0.0,0,0.0,0.0,0.0
Grid_6,G,18.89,72.87,South Mumbai,0,0.0,0.0,0.0,0,0.0,0.0,0.0,0,0.0,0.0,0.0,0,0.0,0.0,0.0,0,0.0,0.0,0.0,0,0.0,0.0,0.0,0,0.0,0.0,0.0,0,0.0,0.0,0.0,0,0.0,0.0,0.0,0,0.0,0.0,0.0
Grid_7,G,18.89,72.89,South Mumbai,0,0.0,0.0,0.0,0,0.0,0.0,0.0,0,0.0,0.0,0.0,0,0.0,0.0,0.0,0,0.0,0.0,0.0,0,0.0,0.0,0.0,0,0.0,0.0,0.0,0,0.0,0.0,0.0,0,0.0,0.0,0.0,0,0.0,0.0,0.0
Grid_8,G,18.89,72.91,South Mumbai,0,0.0,0.0,0.0,0,0.0,0.0,0.0,0,0.0,0.0,0.0,0,0.0,0.0,0.0,0,0.0,0.0,0.0,0,0.0,0.0,0.0,0,0.0,0.0,0.0,0,0.0,0.0,0.0,0,0.0,0.0,0.0,0,0.0,0.0,0.0
Grid_9,G,18.89,72.93,South Mumbai,0,0.0,0.0,0.0,0,0.0,0.0,0.0,0,0.0,0.0,0.0,0,0.0,0.0,0.0,0,0.0,0.0,0.0,0,0.0,0.0,0.0,0,0.0,0.0,0.0,0,0.0,0.0,0.0,0,0.0,0.0,0.0,0,0.0,0.0,0.0
Grid_10,G,18.89,72.95,South Mumbai,0,0.0,0.0,0.0,0,0.0,0.0,0.0,0,0.0,0.0,0.0,0,0.0,0.0,0.0,0,0.0,0.0,0.0,2,3.83,8.42,0.0,0,0.0,0.0,0.0,0,0.0,0.0,0.0,0,0.0,0.0,0.0,0,0.0,0.0,0.0
Grid_11,G,18.89,72.97,Navi Mumbai,0,0.0,0.0,0.0,0,0.0,0.0,0.0,0,0.0,0.0,0.0,0,0.0,0.0,0.0,0,0.0,0.0,0.0,0,0.0,0.0,0.0,0,0.0,0.0,0.0,0,0.0,0.0,0.0,0,0.0,0.0,0.0,0,0.0,0.0,0.0
Grid_12,G,18.89,72.99,Navi Mumbai,0,0.0,0.0,0.0,0,0.0,0.0,0.0,0,0.0,0.0,0.0,0,0.0,0.0,0.0,0,0.0,0.0,0.0,4,4.22,27.15,0.1,2,3.89,8.54,0.5,0,0.0,0.0,0.0,0,0.0,0.0,0.0,0,0.0,0.0,0.0
Grid_13,G,18.89,73.01,Navi Mumbai,0,0.0,0.0,0.0,0,0.0,0.0,0.0,0,0.0,0.0,0.0,0,0.0,0.0,0.0,0,0.0,0.0,0.0,0,0.0,0.0,0.0,0,0.0,0.0,0.0,0,0.0,0.0,0.0,0,0.0,0.0,0.0,0,0.0,0.0,0.0
Grid_14,G,18.89,73.03,Navi Mumbai,0,0.0,0.0,0.0,0,0.0,0.0,0.0,0,0.0,0.0,0.0,0,0.0,0.0,0.0,0,0.0,0.0,0.0,0,0.0,0.0,0.0,0,0.0,0.0,0.0,0,0.0,0.0,0.0,0,0.0,0.0,0.0,0,0.0,0.0,0.0
Grid_15,G,18.89,73.05,Navi Mumbai,0,0.0,0.0,0.0,0,0.0,0.0,0.0,0,0.0,0.0,0.0,0,0.0,0.0,0.0,0,0.0,0.0,0.0,0,0.0,0.0,0.0,0,0.0,0.0,0.0,0,0.0,0.0,0.0,0,0.0,0.0,0.0,0,0.0,0.0,0.0
Grid_16,G,18.89,73.07,Navi Mumbai,0,0.0,0.0,0.0,0,0.0,0.0,0.0,0,0.0,0.0,0.0,0,0.0,0.0,0.0,0,0.0,0.0,0.0,0,0.0,0.0,0.0,0,0.0,0.0,0.0,0,0.0,0.0,0.0,0,0.0,0.0,0.0,0,0.0,0.0,0.0
Grid_17,G,18.89,73.09,Navi Mumbai,0,0.0,0.0,0.0,0,0.0,0.0,0.0,0,0.0,0.0,0.0,0,0.0,0.0,0.0,0,0.0,0.0,0.0,0,0.0,0.0,0.0,0,0.0,0.0,0.0,0,0.0,0.0,0.0,0,0.0,0.0,0.0,0,0.0,0.0,0.0
Grid_18,G,18.89,73.11,Navi Mumbai,0,0.0,0.0,0.0,0,0.0,0.0,0.0,0,0.0,0.0,0.0,0,0.0,0.0,0.0,0,0.0,0.0,0.0,0,0.0,0.0,0.0,0,0.0,0.0,0.0,2,3.67,8.06,0.9,0,0.0,0.0,0.0,0,0.0,0.0,0.0
Grid_19,G,18.89,73.13,Navi Mumbai,0,0.0,0.0,0.0,0,0.0,0.0,0.0,0,0.0,0.0,0.0,0,0.0,0.0,0.0,0,0.0,0.0,0.0,0,0.0,0.0,0.0,0,0.0,0.0,0.0,0,0.0,0.0,0.0,0,0.0,0.0,0.0,0,0.0,0.0,0.0
Grid_20,G,18.89,73.15,Navi Mumbai,0,0.0,0.0,0.0,0,0.0,0.0,0.0,0,0.0,0.0,0.0,0,0.0,0.0,0.0,0,0.0,0.0,0.0,0,0.0,0.0,0.0,0,0.0,0.0,0.0,0,0.0,0.0,0.0,0,0.0,0.0,0.0,0,0.0,0.0,0.0
Grid_21,G,18.90708,72.77,South Mumbai,0,0.0,0.0,0.0,0,0.0,0.0,0.0,0,0.0,0.0,0.0,0,0.0,0.0,0.0,0,0.0,0.0,0.0,0,0.0,0.0,0.0,0,0.0,0.0,0.0,0,0.0,0.0,0.0,0,0.0,0.0,0.0,0,0.0,0.0,0.0
Grid_22,G,18.90708,72.79,South Mumbai,0,0.0,0.0,0.0,0,0.0,0.0,0.0,0,0.0,0.0,0.0,0,0.0,0.0,0.0,0,0.0,0.0,0.0,0,0.0,0.0,0.0,0,0.0,0.0,0.0,0,0.0,0.0,0.0,0,0.0,0.0,0.0,0,0.0,0.0,0.0
Grid_23,G,18.90708,72.81,South Mumbai,10,4.14,99.18,2.0,2,3.84,8.44,0.3,2,3.83,8.41,4.1,0,0.0,0.0,0.0,0,0.0,0.0,0.0,20,4.43,270.01,0.8,18,4.59,243.15,13.5,10,4.57,109.64,12.9,0,0.0,0.0,0.0,0,0.0,0.0,0.0
Grid_24,G,18.90708,72.83,South Mumbai,0,0.0,0.0,0.0,0,0.0,0.0,0.0,0,0.0,0.0,0.0,0,0.0,0.0,0.0,0,0.0,0.0,0.0,0,0.0,0.0,0.0,0,0.0,0.0,0.0,0,0.0,0.0,0.0,0,0.0,0.0,0.0,0,0.0,0.0,0.0
Grid_25,G,18.90708,72.85,South Mumbai,0,0.0,0.0,0.0,0,0.0,0.0,0.0,0,0.0,0.0,0.0,0,0.0,0.0,0.0,0,0.0,0.0,0.0,0,0.0,0.0,0.0,0,0.0,0.0,0.0,0,0.0,0.0,0.0,0,0.0,0.0,0.0,0,0.0,0.0,0.0
Grid_26,G,18.90708,72.87,South Mumbai,0,0.0,0.0,0.0,0,0.0,0.0,0.0,0,0.0,0.0,0.0,0,0.0,0.0,0.0,0,0.0,0.0,0.0,0,0.0,0.0,0.0,0,0.0,0.0,0.0,0,0.0,0.0,0.0,0,0.0,0.0,0.0,0,0.0,0.0,0.0
Grid_27,G,18.90708,72.89,South Mumbai,0,0.0,0.0,0.0,0,0.0,0.0,0.0,0,0.0,0.0,0.0,0,0.0,0.0,0.0,0,0.0,0.0,0.0,0,0.0,0.0,0.0,0,0.0,0.0,0.0,0,0.0,0.0,0.0,0,0.0,0.0,0.0,0,0.0,0.0,0.0
Grid_28,G,18.90708,72.91,South Mumbai,0,0.0,0.0,0.0,0,0.0,0.0,0.0,0,0.0,0.0,0.0,0,0.0,0.0,0.0,0,0.0,0.0,0.0,0,0.0,0.0,0.0,0,0.0,0.0,0.0,0,0.0,0.0,0.0,0,0.0,0.0,0.0,0,0.0,0.0,0.0
Grid_29,G,18.90708,72.93,South Mumbai,0,0.0,0.0,0.0,0,0.0,0.0,0.0,0,0.0,0.0,0.0,0,0.0,0.0,0.0,0,0.0,0.0,0.0,0,0.0,0.0,0.0,0,0.0,0.0,0.0,0,0.0,0.0,0.0,0,0.0,0.0,0.0,0,0.0,0.0,0.0
Grid_30,G,18.90708,72.95,South Mumbai,0,0.0,0.0,0.0,0,0.0,0.0,0.0,0,0.0,0.0,0.0,0,0.0,0.0,0.0,0,0.0,0.0,0.0,0,0.0,0.0,0.0,0,0.0,0.0,0.0,0,0.0,0.0,0.0,0,0.0,0.0,0.0,0,0.0,0.0,0.0
Grid_31,G,18.90708,72.97,Navi Mumbai,0,0.0,0.0,0.0,0,0.0,0.0,0.0,0,0.0,0.0,0.0,0,0.0,0.0,0.0,0,0.0,0.0,0.0,0,0.0,0.0,0.0,0,0.0,0.0,0.0,0,0.0,0.0,0.0,0,0.0,0.0,0.0,0,0.0,0.0,0.0
Grid_32,G,18.90708,72.99,Navi Mumbai,0,0.0,0.0,0.0,0,0.0,0.0,0.0,0,0.0,0.0,0.0,0,0.0,0.0,0.0,0,0.0,0.0,0.0,0,0.0,0.0,0.0,0,0.0,0.0,0.0,0,0.0,0.0,0.0,0,0.0,0.0,0.0,0,0.0,0.0,0.0
Grid_33,G,18.90708,73.01,Navi Mumbai,0,0.0,0.0,0.0,0,0.0,0.0,0.0,0,0.0,0.0,0.0,0,0.0,0.0,0.0,0,0.0,0.0,0.0,2,3.75,8.23,0.0,0,0.0,0.0,0.0,0,0.0,0.0,0.0,0,0.0,0.0,0.0,0,0.0,0.0,0.0
Grid_34,G,18.90708,73.03,Navi Mumbai,0,0.0,0.0,0.0,0,0.0,0.0,0.0,0,0.0,0.0,0.0,0,0.0,0.0,0.0,0,0.0,0.0,0.0,2,3.89,8.55,0.0,0,0.0,0.0,0.0,0,0.0,0.0,0.0,0,0.0,0.0,0.0,0,0.0,0.0,0.0
Grid_35,G,18.90708,73.05,Navi Mumbai,0,0.0,0.0,0.0,0,0.0,0.0,0.0,0,0.0,0.0,0.0,0,0.0,0.0,0.0,0,0.0,0.0,0.0,0,0.0,0.0,0.0,0,0.0,0.0,0.0,0,0.0,0.0,0.0,0,0.0,0.0,0.0,0,0.0,0.0,0.0
Grid_36,G,18.90708,73.07,Navi Mumbai,0,0.0,0.0,0.0,0,0.0,0.0,0.0,0,0.0,0.0,0.0,0,0.0,0.0,0.0,0,0.0,0.0,0.0,0,0.0,0.0,0.0,0,0.0,0.0,0.0,0,0.0,0.0,0.0,0,0.0,0.0,0.0,0,0.0,0.0,0.0
Grid_37,G,18.90708,73.09,Navi Mumbai,0,0.0,0.0,0.0,0,0.0,0.0,0.0,0,0.0,0.0,0.0,0,0.0,0.0,0.0,0,0.0,0.0,0.0,0,0.0,0.0,0.0,0,0.0,0.0,0.0,0,0.0,0.0,0.0,0,0.0,0.0,0.0,0,0.0,0.0,0.0
Grid_38,G,18.90708,73.11,Navi Mumbai,0,0.0,0.0,0.0,0,0.0,0.0,0.0,0,0.0,0.0,0.0,0,0.0,0.0,0.0,0,0.0,0.0,0.0,0,0.0,0.0,0.0,0,0.0,0.0,0.0,0,0.0,0.0,0.0,0,0.0,0.0,0.0,0,0.0,0.0,0.0
Grid_39,G,18.90708,73.13,Navi Mumbai,0,0.0,0.0,0.0,0,0.0,0.0,0.0,0,0.0,0.0,0.0,0,0.0,0.0,0.0,0,0.0,0.0,0.0,0,0.0,0.0,0.0,0,0.0,0.0,0.0,0,0.0,0.0,0.0,0,0.0,0.0,0.0,0,0.0,0.0,0.0
Grid_40,G,18.90708,73.15,Navi Mumbai,0,0.0,0.0,0.0,0,0.0,0.0,0.0,0,0.0,0.0,0.0,0,0.0,0.0,0.0,0,0.0,0.0,0.0,0,0.0,0.0,0.0,0,0.0,0.0,0.0,0,0.0,0.0,0.0,0,0.0,0.0,0.0,0,0.0,0.0,0.0
Grid_41,G,18.92417,72.77,South Mumbai,0,0.0,0.0,0.0,0,0.0,0.0,0.0,0,0.0,0.0,0.0,0,0.0,0.0,0.0,0,0.0,0.0,0.0,0,0.0,0.0,0.0,0,0.0,0.0,0.0,0,0.0,0.0,0.0,0,0.0,0.0,0.0,0,0.0,0.0,0.0
Grid_42,G,18.92417,72.79,South Mumbai,0,0.0,0.0,0.0,0,0.0,0.0,0.0,0,0.0,0.0,0.0,0,0.0,0.0,0.0,0,0.0,0.0,0.0,0,0.0,0.0,0.0,0,0.0,0.0,0.0,0,0.0,0.0,0.0,0,0.0,0.0,0.0,0,0.0,0.0,0.0
Grid_43,G,18.92417,72.81,South Mumbai,18,4.26,225.56,4.5,4,3.91,25.19,0.9,0,0.0,0.0,0.0,0,0.0,0.0,0.0,0,0.0,0.0,0.0,18,4.5,238.57,0.7,6,3.81,44.53,2.5,4,4.24,27.27,3.2,8,4.19,73.57,16.9,0,0.0,0.0,0.0
Grid_44,G,18.92417,72.83,South Mumbai,0,0.0,0.0,0.0,0,0.0,0.0,0.0,0,0.0,0.0,0.0,0,0.0,0.0,0.0,0,0.0,0.0,0.0,0,0.0,0.0,0.0,0,0.0,0.0,0.0,0,0.0,0.0,0.0,0,0.0,0.0,0.0,0,0.0,0.0,0.0
Grid_45,G,18.92417,72.85,South Mumbai,2,3.74,8.21,0.2,0,0.0,0.0,0.0,0,0.0,0.0,0.0,0,0.0,0.0,0.0,0,0.0,0.0,0.0,0,0.0,0.0,0.0,0,0.0,0.0,0.0,0,0.0,0.0,0.0,0,0.0,0.0,0.0,0,0.0,0.0,0.0
Grid_46,G,18.92417,72.87,South Mumbai,0,0.0,0.0,0.0,0,0.0,0.0,0.0,0,0.0,0.0,0.0,0,0.0,0.0,0.0,0,0.0,0.0,0.0,0,0.0,0.0,0.0,0,0.0,0.0,0.0,0,0.0,0.0,0.0,0,0.0,0.0,0.0,0,0.0,0.0,0.0
Grid_47,G,18.92417,72.89,South Mumbai,0,0.0,0.0,0.0,0,0.0,0.0,0.0,0,0.0,0.0,0.0,0,0.0,0.0,0.0,0,0.0,0.0,0.0,0,0.0,0.0,0.0,0,0.0,0.0,0.0,0,0.0,0.0,0.0,0,0.0,0.0,0.0,0,0.0,0.0,0.0
Grid_48,G,18.92417,72.91,South Mumbai,0,0.0,0.0,0.0,0,0.0,0.0,0.0,0,0.0,0.0,0.0,0,0.0,0.0,0.0,0,0.0,0.0,0.0,0,0.0,0.0,0.0,0,0.0,0.0,0.0,0,0.0,0.0,0.0,0,0.0,0.0,0.0,0,0.0,0.0,0.0
Grid_49,G,18.92417,72.93,South Mumbai,0,0.0,0.0,0.0,0,0.0,0.0,0.0,0,0.0,0.0,0.0,0,0.0,0.0,0.0,0,0.0,0.0,0.0,0,0.0,0.0,0.0,0,0.0,0.0,0.0,0,0.0,0.0,0.0,0,0.0,0.0,0.0,0,0.0,0.0,0.0
Grid_50,G,18.92417,72.95,South Mumbai,0,0.0,0.0,0.0,0,0.0,0.0,0.0,0,0.0,0.0,0.0,0,0.0,0.0,0.0,0,0.0,0.0,0.0,0,0.0,0.0,0.0,0,0.0,0.0,0.0,0,0.0,0.0,0.0,0,0.0,0.0,0.0,0,0.0,0.0,0.0
Grid_51,G,18.92417,72.97,Navi Mumbai,0,0.0,0.0,0.0,0,0.0,0.0,0.0,0,0.0,0.0,0.0,0,0.0,0.0,0.0,0,0.0,0.0,0.0,0,0.0,0.0,0.0,0,0.0,0.0,0.0,0,0.0,0.0,0.0,0,0.0,0.0,0.0,0,0.0,0.0,0.0
Grid_52,G,18.92417,72.99,Navi Mumbai,0,0.0,0.0,0.0,0,0.0,0.0,0.0,0,0.0,0.0,0.0,0,0.0,0.0,0.0,0,0.0,0.0,0.0,0,0.0,0.0,0.0,0,0.0,0.0,0.0,0,0.0,0.0,0.0,0,0.0,0.0,0.0,0,0.0,0.0,0.0
Grid_53,G,18.92417,73.01,Navi Mumbai,0,0.0,0.0,0.0,0,0.0,0.0,0.0,0,0.0,0.0,0.0,0,0.0,0.0,0.0,0,0.0,0.0,0.0,0,0.0,0.0,0.0,0,0.0,0.0,0.0,0,0.0,0.0,0.0,0,0.0,0.0,0.0,0,0.0,0.0,0.0
Grid_54,G,18.92417,73.03,Navi Mumbai,0,0.0,0.0,0.0,0,0.0,0.0,0.0,0,0.0,0.0,0.0,0,0.0,0.0,0.0,0,0.0,0.0,0.0,0,0.0,0.0,0.0,0,0.0,0.0,0.0,0,0.0,0.0,0.0,0,0.0,0.0,0.0,0,0.0,0.0,0.0
Grid_55,G,18.92417,73.05,Navi Mumbai,0,0.0,0.0,0.0,0,0.0,0.0,0.0,0,0.0,0.0,0.0,0,0.0,0.0,0.0,0,0.0,0.0,0.0,0,0.0,0.0,0.0,0,0.0,0.0,0.0,0,0.0,0.0,0.0,0,0.0,0.0,0.0,0,0.0,0.0,0.0
Grid_56,G,18.92417,73.07,Navi Mumbai,0,0.0,0.0,0.0,0,0.0,0.0,0.0,0,0.0,0.0,0.0,0,0.0,0.0,0.0,0,0.0,0.0,0.0,0,0.0,0.0,0.0,0,0.0,0.0,0.0,0,0.0,0.0,0.0,0,0.0,0.0,0.0,0,0.0,0.0,0.0
Grid_57,G,18.92417,73.09,Navi Mumbai,0,0.0,0.0,0.0,0,0.0,0.0,0.0,0,0.0,0.0,0.0,0,0.0,0.0,0.0,0,0.0,0.0,0.0,0,0.0,0.0,0.0,0,0.0,0.0,0.0,0,0.0,0.0,0.0,0,0.0,0.0,0.0,0,0.0,0.0,0.0
Grid_58,G,18.92417,73.11,Navi Mumbai,0,0.0,0.0,0.0,0,0.0,0.0,0.0,0,0.0,0.0,0.0,0,0.0,0.0,0.0,0,0.0,0.0,0.0,0,0.0,0.0,0.0,0,0.0,0.0,0.0,0,0.0,0.0,0.0,0,0.0,0.0,0.0,0,0.0,0.0,0.0
Grid_59,G,18.92417,73.13,Navi Mumbai,2,4.11,9.03,0.2,0,0.0,0.0,0.0,0,0.0,0.0,0.0,0,0.0,0.0,0.0,0,0.0,0.0,0.0,0,0.0,0.0,0.0,0,0.0,0.0,0.0,0,0.0,0.0,0.0,0,0.0,0.0,0.0,0,0.0,0.0,0.0
Grid_60,G,18.92417,73.15,Navi Mumbai,0,0.0,0.0,0.0,0,0.0,0.0,0.0,0,0.0,0.0,0.0,0,0.0,0.0,0.0,0,0.0,0.0,0.0,0,0.0,0.0,0.0,0,0.0,0.0,0.0,0,0.0,0.0,0.0,0,0.0,0.0,0.0,0,0.0,0.0,0.0
Grid_61,G,18.94125,72.77,South Mumbai,0,0.0,0.0,0.0,0,0.0,0.0,0.0,0,0.0,0.0,0.0,0,0.0,0.0,0.0,0,0.0,0.0,0.0,0,0.0,0.0,0.0,0,0.0,0.0,0.0,0,0.0,0.0,0.0,0,0.0,0.0,0.0,0,0.0,0.0,0.0
Grid_62,G,18.94125,72.79,South Mumbai,0,0.0,0.0,0.0,0,0.0,0.0,0.0,0,0.0,0.0,0.0,0,0.0,0.0,0.0,0,0.0,0.0,0.0,0,0.0,0.0,0.0,0,0.0,0.0,0.0,0,0.0,0.0,0.0,0,0.0,0.0,0.0,0,0.0,0.0,0.0
Grid_63,G,18.94125,72.81,South Mumbai,2,3.94,8.66,0.2,2,3.87,8.51,0.3,2,3.67,8.07,3.9,0,0.0,0.0,0.0,2,4.04,8.88,0.3,2,4.07,8.93,0.0,2,3.65,8.03,0.4,2,3.81,8.37,1.0,0,0.0,0.0,0.0,0,0.0,0.0,0.0
Grid_64,G,18.94125,72.83,South Mumbai,0,0.0,0.0,0.0,0,0.0,0.0,0.0,0,0.0,0.0,0.0,0,0.0,0.0,0.0,0,0.0,0.0,0.0,0,0.0,0.0,0.0,0,0.0,0.0,0.0,0,0.0,0.0,0.0,0,0.0,0.0,0.0,0,0.0,0.0,0.0
Grid_65,G,18.94125,72.85,South Mumbai,22,4.24,292.37,5.8,4,4.25,27.34,1.0,0,0.0,0.0,0.0,0,0.0,0.0,0.0,0,0.0,0.0,0.0,22,4.37,301.51,0.9,0,0.0,0.0,0.0,22,4.37,301.29,35.5,0,0.0,0.0,0.0,0,0.0,0.0,0.0
Grid_66,G,18.94125,72.87,South Mumbai,0,0.0,0.0,0.0,0,0.0,0.0,0.0,0,0.0,0.0,0.0,0,0.0,0.0,0.0,0,0.0,0.0,0.0,0,0.0,0.0,0.0,0,0.0,0.0,0.0,0,0.0,0.0,0.0,0,0.0,0.0,0.0,0,0.0,0.0,0.0
Grid_67,G,18.94125,72.89,South Mumbai,0,0.0,0.0,0.0,0,0.0,0.0,0.0,0,0.0,0.0,0.0,0,0.0,0.0,0.0,0,0.0,0.0,0.0,0,0.0,0.0,0.0,0,0.0,0.0,0.0,0,0.0,0.0,0.0,0,0.0,0.0,0.0,0,0.0,0.0,0.0
Grid_68,G,18.94125,72.91,South Mumbai,0,0.0,0.0,0.0,0,0.0,0.0,0.0,0,0.0,0.0,0.0,0,0.0,0.0,0.0,0,0.0,0.0,0.0,0,0.0,0.0,0.0,0,0.0,0.0,0.0,0,0.0,0.0,0.0,0,0.0,0.0,0.0,0,0.0,0.0,0.0
Grid_69,G,18.94125,72.93,South Mumbai,0,0.0,0.0,0.0,0,0.0,0.0,0.0,0,0.0,0.0,0.0,0,0.0,0.0,0.0,0,0.0,0.0,0.0,0,0.0,0.0,0.0,0,0.0,0.0,0.0,0,0.0,0.0,0.0,0,0.0,0.0,0.0,0,0.0,0.0,0.0
Grid_70,G,18.94125,72.95,South Mumbai,0,0.0,0.0,0.0,0,0.0,0.0,0.0,0,0.0,0.0,0.0,0,0.0,0.0,0.0,0,0.0,0.0,0.0,0,0.0,0.0,0.0,0,0.0,0.0,0.0,0,0.0,0.0,0.0,0,0.0,0.0,0.0,0,0.0,0.0,0.0
Grid_71,G,18.94125,72.97,Navi Mumbai,0,0.0,0.0,0.0,0,0.0,0.0,0.0,0,0.0,0.0,0.0,0,0.0,0.0,0.0,0,0.0,0.0,0.0,0,0.0,0.0,0.0,0,0.0,0.0,0.0,0,0.0,0.0,0.0,0,0.0,0.0,0.0,0,0.0,0.0,0.0
Grid_72,G,18.94125,72.99,Navi Mumbai,0,0.0,0.0,0.0,0,0.0,0.0,0.0,0,0.0,0.0,0.0,0,0.0,0.0,0.0,0,0.0,0.0,0.0,0,0.0,0.0,0.0,0,0.0,0.0,0.0,0,0.0,0.0,0.0,0,0.0,0.0,0.0,0,0.0,0.0,0.0
Grid_73,G,18.94125,73.01,Navi Mumbai,0,0.0,0.0,0.0,0,0.0,0.0,0.0,0,0.0,0.0,0.0,0,0.0,0.0,0.0,0,0.0,0.0,0.0,0,0.0,0.0,0.0,0,0.0,0.0,0.0,0,0.0,0.0,0.0,0,0.0,0.0,0.0,0,0.0,0.0,0.0
Grid_74,G,18.94125,73.03,Navi Mumbai,0,0.0,0.0,0.0,0,0.0,0.0,0.0,0,0.0,0.0,0.0,0,0.0,0.0,0.0,0,0.0,0.0,0.0,0,0.0,0.0,0.0,0,0.0,0.0,0.0,0,0.0,0.0,0.0,0,0.0,0.0,0.0,0,0.0,0.0,0.0
Grid_75,G,18.94125,73.05,Navi Mumbai,0,0.0,0.0,0.0,0,0.0,0.0,0.0,0,0.0,0.0,0.0,0,0.0,0.0,0.0,0,0.0,0.0,0.0,0,0.0,0.0,0.0,0,0.0,0.0,0.0,0,0.0,0.0,0.0,0,0.0,0.0,0.0,0,0.0,0.0,0.0
Grid_76,G,18.94125,73.07,Navi Mumbai,0,0.0,0.0,0.0,0,0.0,0.0,0.0,0,0.0,0.0,0.0,0,0.0,0.0,0.0,0,0.0,0.0,0.0,0,0.0,0.0,0.0,0,0.0,0.0,0.0,0,0.0,0.0,0.0,0,0.0,0.0,0.0,0,0.0,0.0,0.0
Grid_77,G,18.94125,73.09,Navi Mumbai,0,0.0,0.0,0.0,0,0.0,0.0,0.0,0,0.0,0.0,0.0,0,0.0,0.0,0.0,0,0.0,0.0,0.0,0,0.0,0.0,0.0,0,0.0,0.0,0.0,0,0.0,0.0,0.0,0,0.0,0.0,0.0,0,0.0,0.0,0.0
Grid_78,G,18.94125,73.11,Navi Mumbai,0,0.0,0.0,0.0,0,0.0,0.0,0.0,0,0.0,0.0,0.0,0,0.0,0.0,0.0,0,0.0,0.0,0.0,0,0.0,0.0,0.0,0,0.0,0.0,0.0,0,0.0,0.0,0.0,0,0.0,0.0,0.0,0,0.0,0.0,0.0
Grid_79,G,18.94125,73.13,Navi Mumbai,0,0.0,0.0,0.0,0,0.0,0.0,0.0,0,0.0,0.0,0.0,0,0.0,0.0,0.0,0,0.0,0.0,0.0,0,0.0,0.0,0.0,0,0.0,0.0,0.0,0,0.0,0.0,0.0,0,0.0,0.0,0.0,0,0.0,0.0,0.0
Grid_80,G,18.94125,73.15,Navi Mumbai,0,0.0,0.0,0.0,0,0.0,0.0,0.0,0,0.0,0.0,0.0,0,0.0,0.0,0.0,0,0.0,0.0,0.0,0,0.0,0.0,0.0,0,0.0,0.0,0.0,0,0.0,0.0,0.0,0,0.0,0.0,0.0,0,0.0,0.0,0.0
Grid_81,G,18.95833,72.77,South Mumbai,0,0.0,0.0,0.0,0,0.0,0.0,0.0,0,0.0,0.0,0.0,0,0.0,0.0,0.0,0,0.0,0.0,0.0,0,0.0,0.0,0.0,0,0.0,0.0,0.0,0,0.0,0.0,0.0,0,0.0,0.0,0.0,0,0.0,0.0,0.0
Grid_82,G,18.95833,72.79,South Mumbai,0,0.0,0.0,0.0,0,0.0,0.0,0.0,0,0.0,0.0,0.0,0,0.0,0.0,0.0,0,0.0,0.0,0.0,0,0.0,0.0,0.0,0,0.0,0.0,0.0,0,0.0,0.0,0.0,0,0.0,0.0,0.0,0,0.0,0.0,0.0
Grid_83,G,18.95833,72.81,South Mumbai,90,4.36,1771.07,35.0,22,4.65,320.59,12.0,4,4.17,26.86,13.1,10,4.02,96.51,8.7,8,4.08,71.63,2.6,82,4.67,1691.39,5.0,54,4.46,964.92,53.4,40,4.32,642.16,75.7,6,4.12,48.08,11.0,0,0.0,0.0,0.0
Grid_84,G,18.95833,72.83,South Mumbai,0,0.0,0.0,0.0,0,0.0,0.0,0.0,0,0.0,0.0,0.0,0,0.0,0.0,0.0,0,0.0,0.0,0.0,0,0.0,0.0,0.0,0,0.0,0.0,0.0,0,0.0,0.0,0.0,0,0.0,0.0,0.0,0,0.0,0.0,0.0
Grid_85,G,18.95833,72.85,South Mumbai,10,4.05,97.02,1.9,2,3.62,7.95,0.3,0,0.0,0.0,0.0,0,0.0,0.0,0.0,0,0.0,0.0,0.0,6,4.07,47.56,0.1,4,3.87,24.92,1.4,18,4.77,252.75,29.8,0,0.0,0.0,0.0,0,0.0,0.0,0.0
Grid_86,G,18.95833,72.87,South Mumbai,0,0.0,0.0,0.0,0,0.0,0.0,0.0,0,0.0,0.0,0.0,0,0.0,0.0,0.0,0,0.0,0.0,0.0,0,0.0,0.0,0.0,0,0.0,0.0,0.0,0,0.0,0.0,0.0,0,0.0,0.0,0.0,0,0.0,0.0,0.0
Grid_87,G,18.95833,72.89,South Mumbai,0,0.0,0.0,0.0,0,0.0,0.0,0.0,0,0.0,0.0,0.0,0,0.0,0.0,0.0,0,0.0,0.0,0.0,0,0.0,0.0,0.0,0,0.0,0.0,0.0,0,0.0,0.0,0.0,0,0.0,0.0,0.0,0,0.0,0.0,0.0
Grid_88,G,18.95833,72.91,South Mumbai,0,0.0,0.0,0.0,0,0.0,0.0,0.0,0,0.0,0.0,0.0,0,0.0,0.0,0.0,0,0.0,0.0,0.0,0,0.0,0.0,0.0,0,0.0,0.0,0.0,0,0.0,0.0,0.0,0,0.0,0.0,0.0,0,0.0,0.0,0.0
Grid_89,G,18.95833,72.93,South Mumbai,0,0.0,0.0,0.0,0,0.0,0.0,0.0,0,0.0,0.0,0.0,0,0.0,0.0,0.0,0,0.0,0.0,0.0,0,0.0,0.0,0.0,0,0.0,0.0,0.0,0,0.0,0.0,0.0,0,0.0,0.0,0.0,0,0.0,0.0,0.0
Grid_90,G,18.95833,72.95,South Mumbai,0,0.0,0.0,0.0,0,0.0,0.0,0.0,0,0.0,0.0,0.0,0,0.0,0.0,0.0,0,0.0,0.0,0.0,0,0.0,0.0,0.0,0,0.0,0.0,0.0,0,0.0,0.0,0.0,0,0.0,0.0,0.0,0,0.0,0.0,0.0
Grid_91,G,18.95833,72.97,Navi Mumbai,0,0.0,0.0,0.0,0,0.0,0.0,0.0,0,0.0,0.0,0.0,0,0.0,0.0,0.0,0,0.0,0.0,0.0,0,0.0,0.0,0.0,0,0.0,0.0,0.0,0,0.0,0.0,0.0,0,0.0,0.0,0.0,0,0.0,0.0,0.0
Grid_92,G,18.95833,72.99,Navi Mumbai,0,0.0,0.0,0.0,0,0.0,0.0,0.0,0,0.0,0.0,0.0,0,0.0,0.0,0.0,0,0.0,0.0,0.0,0,0.0,0.0,0.0,0,0.0,0.0,0.0,0,0.0,0.0,0.0,0,0.0,0.0,0.0,0,0.0,0.0,0.0
Grid_93,G,18.95833,73.01,Navi Mumbai,0,0.0,0.0,0.0,0,0.0,0.0,0.0,0,0.0,0.0,0.0,0,0.0,0.0,0.0,0,0.0,0.0,0.0,0,0.0,0.0,0.0,2,4.02,8.84,0.5,0,0.0,0.0,0.0,0,0.0,0.0,0.0,0,0.0,0.0,0.0
Grid_94,G,18.95833,73.03,Navi Mumbai,0,0.0,0.0,0.0,0,0.0,0.0,0.0,0,0.0,0.0,0.0,0,0.0,0.0,0.0,0,0.0,0.0,0.0,0,0.0,0.0,0.0,0,0.0,0.0,0.0,0,0.0,0.0,0.0,0,0.0,0.0,0.0,0,0.0,0.0,0.0
Grid_95,G,18.95833,73.05,Navi Mumbai,0,0.0,0.0,0.0,0,0.0,0.0,0.0,0,0.0,0.0,0.0,0,0.0,0.0,0.0,0,0.0,0.0,0.0,0,0.0,0.0,0.0,0,0.0,0.0,0.0,0,0.0,0.0,0.0,0,0.0,0.0,0.0,0,0.0,0.0,0.0
Grid_96,G,18.95833,73.07,Navi Mumbai,0,0.0,0.0,0.0,0,0.0,0.0,0.0,0,0.0,0.0,0.0,0,0.0,0.0,0.0,0,0.0,0.0,0.0,0,0.0,0.0,0.0,0,0.0,0.0,0.0,0,0.0,0.0,0.0,0,0.0,0.0,0.0,0,0.0,0.0,0.0
Grid_97,G,18.95833,73.09,Navi Mumbai,0,0.0,0.0,0.0,0,0.0,0.0,0.0,0,0.0,0.0,0.0,0,0.0,0.0,0.0,0,0.0,0.0,0.0,0,0.0,0.0,0.0,0,0.0,0.0,0.0,0,0.0,0.0,0.0,0,0.0,0.0,0.0,0,0.0,0.0,0.0
Grid_98,G,18.95833,73.11,Navi Mumbai,0,0.0,0.0,0.0,0,0.0,0.0,0.0,0,0.0,0.0,0.0,0,0.0,0.0,0.0,0,0.0,0.0,0.0,0,0.0,0.0,0.0,0,0.0,0.0,0.0,0,0.0,0.0,0.0,0,0.0,0.0,0.0,0,0.0,0.0,0.0
Grid_99,G,18.95833,73.13,Navi Mumbai,0,0.0,0.0,0.0,0,0.0,0.0,0.0,0,0.0,0.0,0.0,0,0.0,0.0,0.0,0,0.0,0.0,0.0,4,4.06,26.15,0.1,0,0.0,0.0,0.0,2,3.71,8.14,1.0,0,0.0,0.0,0.0,0,0.0,0.0,0.0
Grid_100,G,18.95833,73.15,Navi Mumbai,0,0.0,0.0,0.0,0,0.0,0.0,0.0,0,0.0,0.0,0.0,0,0.0,0.0,0.0,0,0.0,0.0,0.0,0,0.0,0.0,0.0,0,0.0,0.0,0.0,0,0.0,0.0,0.0,0,0.0,0.0,0.0,0,0.0,0.0,0.0
Grid_101,G,18.97542,72.77,South Mumbai,0,0.0,0.0,0.0,0,0.0,0.0,0.0,0,0.0,0.0,0.0,0,0.0,0.0,0.0,0,0.0,0.0,0.0,0,0.0,0.0,0.0,0,0.0,0.0,0.0,0,0.0,0.0,0.0,0,0.0,0.0,0.0,0,0.0,0.0,0.0
Grid_102,G,18.97542,72.79,South Mumbai,0,0.0,0.0,0.0,0,0.0,0.0,0.0,0,0.0,0.0,0.0,0,0.0,0.0,0.0,0,0.0,0.0,0.0,0,0.0,0.0,0.0,0,0.0,0.0,0.0,0,0.0,0.0,0.0,0,0.0,0.0,0.0,0,0.0,0.0,0.0
Grid_103,G,18.97542,72.81,South Mumbai,42,4.24,670.15,13.2,4,4.13,26.59,1.0,4,3.74,24.07,11.7,0,0.0,0.0,0.0,0,0.0,0.0,0.0,40,4.36,647.06,1.9,38,4.7,653.96,36.2,12,4.35,133.89,15.8,4,4.19,27.0,6.2,0,0.0,0.0,0.0
Grid_104,G,18.97542,72.83,South Mumbai,0,0.0,0.0,0.0,0,0.0,0.0,0.0,0,0.0,0.0,0.0,0,0.0,0.0,0.0,0,0.0,0.0,0.0,0,0.0,0.0,0.0,0,0.0,0.0,0.0,0,0.0,0.0,0.0,0,0.0,0.0,0.0,0,0.0,0.0,0.0
Grid_105,G,18.97542,72.85,South Mumbai,2,3.62,7.96,0.2,0,0.0,0.0,0.0,0,0.0,0.0,0.0,0,0.0,0.0,0.0,0,0.0,0.0,0.0,4,4.02,25.87,0.1,4,4.27,27.47,1.5,0,0.0,0.0,0.0,0,0.0,0.0,0.0,0,0.0,0.0,0.0
Grid_106,G,18.97542,72.87,South Mumbai,0,0.0,0.0,0.0,0,0.0,0.0,0.0,0,0.0,0.0,0.0,0,0.0,0.0,0.0,0,0.0,0.0,0.0,0,0.0,0.0,0.0,0,0.0,0.0,0.0,0,0.0,0.0,0.0,0,0.0,0.0,0.0,0,0.0,0.0,0.0
Grid_107,G,18.97542,72.89,South Mumbai,0,0.0,0.0,0.0,0,0.0,0.0,0.0,0,0.0,0.0,0.0,0,0.0,0.0,0.0,0,0.0,0.0,0.0,0,0.0,0.0,0.0,0,0.0,0.0,0.0,0,0.0,0.0,0.0,0,0.0,0.0,0.0,0,0.0,0.0,0.0
Grid_108,G,18.97542,72.91,South Mumbai,0,0.0,0.0,0.0,0,0.0,0.0,0.0,0,0.0,0.0,0.0,0,0.0,0.0,0.0,0,0.0,0.0,0.0,0,0.0,0.0,0.0,0,0.0,0.0,0.0,0,0.0,0.0,0.0,0,0.0,0.0,0.0,0,0.0,0.0,0.0
Grid_109,G,18.97542,72.93,South Mumbai,8,3.98,70.03,1.4,0,0.0,0.0,0.0,0,0.0,0.0,0.0,0,0.0,0.0,0.0,0,0.0,0.0,0.0,30,4.73,487.09,1.4,0,0.0,0.0,0.0,0,0.0,0.0,0.0,0,0.0,0.0,0.0,0,0.0,0.0,0.0
Grid_110,G,18.97542,72.95,South Mumbai,0,0.0,0.0,0.0,0,0.0,0.0,0.0,0,0.0,0.0,0.0,0,0.0,0.0,0.0,0,0.0,0.0,0.0,0,0.0,0.0,0.0,0,0.0,0.0,0.0,0,0.0,0.0,0.0,0,0.0,0.0,0.0,0,0.0,0.0,0.0
Grid_111,G,18.97542,72.97,Navi Mumbai,0,0.0,0.0,0.0,0,0.0,0.0,0.0,0,0.0,0.0,0.0,0,0.0,0.0,0.0,0,0.0,0.0,0.0,0,0.0,0.0,0.0,0,0.0,0.0,0.0,0,0.0,0.0,0.0,0,0.0,0.0,0.0,0,0.0,0.0,0.0
Grid_112,G,18.97542,72.99,Navi Mumbai,0,0.0,0.0,0.0,0,0.0,0.0,0.0,0,0.0,0.0,0.0,0,0.0,0.0,0.0,0,0.0,0.0,0.0,0,0.0,0.0,0.0,0,0.0,0.0,0.0,0,0.0,0.0,0.0,0,0.0,0.0,0.0,0,0.0,0.0,0.0
Grid_113,G,18.97542,73.01,Navi Mumbai,0,0.0,0.0,0.0,0,0.0,0.0,0.0,0,0.0,0.0,0.0,0,0.0,0.0,0.0,0,0.0,0.0,0.0,0,0.0,0.0,0.0,0,0.0,0.0,0.0,0,0.0,0.0,0.0,0,0.0,0.0,0.0,0,0.0,0.0,0.0
Grid_114,G,18.97542,73.03,Navi Mumbai,0,0.0,0.0,0.0,0,0.0,0.0,0.0,0,0.0,0.0,0.0,0,0.0,0.0,0.0,0,0.0,0.0,0.0,0,0.0,0.0,0.0,0,0.0,0.0,0.0,0,0.0,0.0,0.0,0,0.0,0.0,0.0,0,0.0,0.0,0.0
Grid_115,G,18.97542,73.05,Navi Mumbai,0,0.0,0.0,0.0,0,0.0,0.0,0.0,0,0.0,0.0,0.0,0,0.0,0.0,0.0,0,0.0,0.0,0.0,0,0.0,0.0,0.0,0,0.0,0.0,0.0,0,0.0,0.0,0.0,0,0.0,0.0,0.0,0,0.0,0.0,0.0
Grid_116,G,18.97542,73.07,Navi Mumbai,0,0.0,0.0,0.0,0,0.0,0.0,0.0,0,0.0,0.0,0.0,0,0.0,0.0,0.0,0,0.0,0.0,0.0,0,0.0,0.0,0.0,0,0.0,0.0,0.0,0,0.0,0.0,0.0,0,0.0,0.0,0.0,0,0.0,0.0,0.0
Grid_117,G,18.97542,73.09,Navi Mumbai,0,0.0,0.0,0.0,0,0.0,0.0,0.0,0,0.0,0.0,0.0,0,0.0,0.0,0.0,0,0.0,0.0,0.0,0,0.0,0.0,0.0,0,0.0,0.0,0.0,0,0.0,0.0,0.0,0,0.0,0.0,0.0,0,0.0,0.0,0.0
Grid_118,G,18.97542,73.11,Navi Mumbai,0,0.0,0.0,0.0,0,0.0,0.0,0.0,0,0.0,0.0,0.0,0,0.0,0.0,0.0,0,0.0,0.0,0.0,0,0.0,0.0,0.0,0,0.0,0.0,0.0,0,0.0,0.0,0.0,0,0.0,0.0,0.0,0,0.0,0.0,0.0
Grid_119,G,18.97542,73.13,Navi Mumbai,0,0.0,0.0,0.0,0,0.0,0.0,0.0,0,0.0,0.0,0.0,0,0.0,0.0,0.0,0,0.0,0.0,0.0,0,0.0,0.0,0.0,0,0.0,0.0,0.0,0,0.0,0.0,0.0,0,0.0,0.0,0.0,0,0.0,0.0,0.0
Grid_120,G,18.97542,73.15,Navi Mumbai,0,0.0,0.0,0.0,0,0.0,0.0,0.0,0,0.0,0.0,0.0,0,0.0,0.0,0.0,0,0.0,0.0,0.0,0,0.0,0.0,0.0,0,0.0,0.0,0.0,0,0.0,0.0,0.0,0,0.0,0.0,0.0,0,0.0,0.0,0.0
Grid_121,G,18.9925,72.77,South Mumbai,0,0.0,0.0,0.0,0,0.0,0.0,0.0,0,0.0,0.0,0.0,0,0.0,0.0,0.0,0,0.0,0.0,0.0,0,0.0,0.0,0.0,0,0.0,0.0,0.0,0,0.0,0.0,0.0,0,0.0,0.0,0.0,0,0.0,0.0,0.0
Grid_122,G,18.9925,72.79,South Mumbai,0,0.0,0.0,0.0,0,0.0,0.0,0.0,0,0.0,0.0,0.0,0,0.0,0.0,0.0,0,0.0,0.0,0.0,0,0.0,0.0,0.0,0,0.0,0.0,0.0,0,0.0,0.0,0.0,0,0.0,0.0,0.0,0,0.0,0.0,0.0
Grid_123,G,18.9925,72.81,South Mumbai,0,0.0,0.0,0.0,0,0.0,0.0,0.0,0,0.0,0.0,0.0,0,0.0,0.0,0.0,0,0.0,0.0,0.0,0,0.0,0.0,0.0,0,0.0,0.0,0.0,0,0.0,0.0,0.0,0,0.0,0.0,0.0,0,0.0,0.0,0.0
Grid_124,G,18.9925,72.83,South Mumbai,38,4.45,618.85,12.2,6,4.39,51.23,1.9,2,3.67,8.07,3.9,0,0.0,0.0,0.0,2,3.71,8.15,0.3,38,4.75,660.79,2.0,32,4.74,529.82,29.3,8,4.05,71.14,8.4,12,4.32,133.12,30.6,4,3.79,24.4,88.3
Grid_125,G,18.9925,72.85,South Mumbai,0,0.0,0.0,0.0,0,0.0,0.0,0.0,0,0.0,0.0,0.0,0,0.0,0.0,0.0,0,0.0,0.0,0.0,0,0.0,0.0,0.0,0,0.0,0.0,0.0,0,0.0,0.0,0.0,0,0.0,0.0,0.0,0,0.0,0.0,0.0
Grid_126,G,18.9925,72.87,South Mumbai,0,0.0,0.0,0.0,0,0.0,0.0,0.0,0,0.0,0.0,0.0,0,0.0,0.0,0.0,0,0.0,0.0,0.0,0,0.0,0.0,0.0,0,0.0,0.0,0.0,0,0.0,0.0,0.0,0,0.0,0.0,0.0,0,0.0,0.0,0.0
Grid_127,G,18.9925,72.89,South Mumbai,0,0.0,0.0,0.0,0,0.0,0.0,0.0,0,0.0,0.0,0.0,0,0.0,0.0,0.0,0,0.0,0.0,0.0,0,0.0,0.0,0.0,0,0.0,0.0,0.0,0,0.0,0.0,0.0,0,0.0,0.0,0.0,0,0.0,0.0,0.0
Grid_128,G,18.9925,72.91,South Mumbai,0,0.0,0.0,0.0,0,0.0,0.0,0.0,0,0.0,0.0,0.0,0,0.0,0.0,0.0,0,0.0,0.0,0.0,0,0.0,0.0,0.0,0,0.0,0.0,0.0,0,0.0,0.0,0.0,0,0.0,0.0,0.0,0,0.0,0.0,0.0
Grid_129,G,18.9925,72.93,South Mumbai,0,0.0,0.0,0.0,0,0.0,0.0,0.0,0,0.0,0.0,0.0,0,0.0,0.0,0.0,0,0.0,0.0,0.0,0,0.0,0.0,0.0,0,0.0,0.0,0.0,0,0.0,0.0,0.0,0,0.0,0.0,0.0,0,0.0,0.0,0.0
Grid_130,G,18.9925,72.95,South Mumbai,0,0.0,0.0,0.0,0,0.0,0.0,0.0,0,0.0,0.0,0.0,0,0.0,0.0,0.0,0,0.0,0.0,0.0,0,0.0,0.0,0.0,0,0.0,0.0,0.0,0,0.0,0.0,0.0,0,0.0,0.0,0.0,0,0.0,0.0,0.0
Grid_131,G,18.9925,72.97,Navi Mumbai,0,0.0,0.0,0.0,0,0.0,0.0,0.0,0,0.0,0.0,0.0,0,0.0,0.0,0.0,0,0.0,0.0,0.0,0,0.0,0.0,0.0,0,0.0,0.0,0.0,0,0.0,0.0,0.0,0,0.0,0.0,0.0,0,0.0,0.0,0.0
Grid_132,G,18.9925,72.99,Navi Mumbai,0,0.0,0.0,0.0,0,0.0,0.0,0.0,0,0.0,0.0,0.0,0,0.0,0.0,0.0,0,0.0,0.0,0.0,0,0.0,0.0,0.0,0,0.0,0.0,0.0,0,0.0,0.0,0.0,0,0.0,0.0,0.0,0,0.0,0.0,0.0
Grid_133,G,18.9925,73.01,Navi Mumbai,0,0.0,0.0,0.0,0,0.0,0.0,0.0,0,0.0,0.0,0.0,0,0.0,0.0,0.0,0,0.0,0.0,0.0,0,0.0,0.0,0.0,0,0.0,0.0,0.0,0,0.0,0.0,0.0,0,0.0,0.0,0.0,0,0.0,0.0,0.0
Grid_134,G,18.9925,73.03,Navi Mumbai,0,0.0,0.0,0.0,0,0.0,0.0,0.0,0,0.0,0.0,0.0,0,0.0,0.0,0.0,0,0.0,0.0,0.0,0,0.0,0.0,0.0,0,0.0,0.0,0.0,0,0.0,0.0,0.0,0,0.0,0.0,0.0,0,0.0,0.0,0.0
Grid_135,G,18.9925,73.05,Navi Mumbai,0,0.0,0.0,0.0,0,0.0,0.0,0.0,0,0.0,0.0,0.0,0,0.0,0.0,0.0,0,0.0,0.0,0.0,0,0.0,0.0,0.0,0,0.0,0.0,0.0,0,0.0,0.0,0.0,0,0.0,0.0,0.0,0,0.0,0.0,0.0
Grid_136,G,18.9925,73.07,Navi Mumbai,0,0.0,0.0,0.0,0,0.0,0.0,0.0,0,0.0,0.0,0.0,0,0.0,0.0,0.0,0,0.0,0.0,0.0,0,0.0,0.0,0.0,0,0.0,0.0,0.0,0,0.0,0.0,0.0,0,0.0,0.0,0.0,0,0.0,0.0,0.0
Grid_137,G,18.9925,73.09,Navi Mumbai,0,0.0,0.0,0.0,0,0.0,0.0,0.0,0,0.0,0.0,0.0,0,0.0,0.0,0.0,0,0.0,0.0,0.0,0,0.0,0.0,0.0,0,0.0,0.0,0.0,0,0.0,0.0,0.0,0,0.0,0.0,0.0,0,0.0,0.0,0.0
Grid_138,G,18.9925,73.11,Navi Mumbai,12,4.46,137.38,2.7,4,4.03,25.92,1.0,0,0.0,0.0,0.0,0,0.0,0.0,0.0,0,0.0,0.0,0.0,18,4.68,247.97,0.7,10,4.33,103.9,5.7,6,4.34,50.66,6.0,0,0.0,0.0,0.0,0,0.0,0.0,0.0
Grid_139,G,18.9925,73.13,Navi Mumbai,0,0.0,0.0,0.0,0,0.0,0.0,0.0,0,0.0,0.0,0.0,0,0.0,0.0,0.0,0,0.0,0.0,0.0,0,0.0,0.0,0.0,0,0.0,0.0,0.0,0,0.0,0.0,0.0,0,0.0,0.0,0.0,0,0.0,0.0,0.0
Grid_140,G,18.9925,73.15,Navi Mumbai,0,0.0,0.0,0.0,0,0.0,0.0,0.0,0,0.0,0.0,0.0,0,0.0,0.0,0.0,0,0.0,0.0,0.0,0,0.0,0.0,0.0,0,0.0,0.0,0.0,0,0.0,0.0,0.0,0,0.0,0.0,0.0,0,0.0,0.0,0.0
Grid_141,G,19.00958,72.77,South Mumbai,0,0.0,0.0,0.0,0,0.0,0.0,0.0,0,0.0,0.0,0.0,0,0.0,0.0,0.0,0,0.0,0.0,0.0,0,0.0,0.0,0.0,0,0.0,0.0,0.0,0,0.0,0.0,0.0,0,0.0,0.0,0.0,0,0.0,0.0,0.0
Grid_142,G,19.00958,72.79,South Mumbai,0,0.0,0.0,0.0,0,0.0,0.0,0.0,0,0.0,0.0,0.0,0,0.0,0.0,0.0,0,0.0,0.0,0.0,0,0.0,0.0,0.0,0,0.0,0.0,0.0,0,0.0,0.0,0.0,0,0.0,0.0,0.0,0,0.0,0.0,0.0
Grid_143,G,19.00958,72.81,South Mumbai,0,0.0,0.0,0.0,0,0.0,0.0,0.0,0,0.0,0.0,0.0,0,0.0,0.0,0.0,0,0.0,0.0,0.0,0,0.0,0.0,0.0,0,0.0,0.0,0.0,0,0.0,0.0,0.0,0,0.0,0.0,0.0,0,0.0,0.0,0.0
Grid_144,G,19.00958,72.83,South Mumbai,32,4.32,483.55,9.5,8,4.16,73.05,2.7,8,4.26,74.86,36.5,6,4.09,47.79,4.3,10,4.58,109.94,4.0,68,4.67,1345.97,4.0,58,4.63,1094.5,60.6,10,4.48,107.43,12.7,10,4.27,102.47,23.5,4,3.85,24.76,89.6
Grid_145,G,19.00958,72.85,South Mumbai,0,0.0,0.0,0.0,0,0.0,0.0,0.0,0,0.0,0.0,0.0,0,0.0,0.0,0.0,0,0.0,0.0,0.0,0,0.0,0.0,0.0,0,0.0,0.0,0.0,0,0.0,0.0,0.0,0,0.0,0.0,0.0,0,0.0,0.0,0.0
Grid_146,G,19.00958,72.87,South Mumbai,0,0.0,0.0,0.0,0,0.0,0.0,0.0,0,0.0,0.0,0.0,0,0.0,0.0,0.0,0,0.0,0.0,0.0,6,4.33,50.55,0.1,2,4.15,9.11,0.5,0,0.0,0.0,0.0,0,0.0,0.0,0.0,0,0.0,0.0,0.0
Grid_147,G,19.00958,72.89,South Mumbai,0,0.0,0.0,0.0,0,0.0,0.0,0.0,0,0.0,0.0,0.0,0,0.0,0.0,0.0,0,0.0,0.0,0.0,0,0.0,0.0,0.0,0,0.0,0.0,0.0,0,0.0,0.0,0.0,0,0.0,0.0,0.0,0,0.0,0.0,0.0
Grid_148,G,19.00958,72.91,South Mumbai,0,0.0,0.0,0.0,0,0.0,0.0,0.0,0,0.0,0.0,0.0,0,0.0,0.0,0.0,0,0.0,0.0,0.0,0,0.0,0.0,0.0,0,0.0,0.0,0.0,0,0.0,0.0,0.0,0,0.0,0.0,0.0,0,0.0,0.0,0.0
Grid_149,G,19.00958,72.93,South Mumbai,0,0.0,0.0,0.0,0,0.0,0.0,0.0,0,0.0,0.0,0.0,0,0.0,0.0,0.0,0,0.0,0.0,0.0,0,0.0,0.0,0.0,0,0.0,0.0,0.0,0,0.0,0.0,0.0,0,0.0,0.0,0.0,0,0.0,0.0,0.0
Grid_150,G,19.00958,72.95,South Mumbai,0,0.0,0.0,0.0,0,0.0,0.0,0.0,0,0.0,0.0,0.0,0,0.0,0.0,0.0,0,0.0,0.0,0.0,0,0.0,0.0,0.0,0,0.0,0.0,0.0,0,0.0,0.0,0.0,0,0.0,0.0,0.0,0,0.0,0.0,0.0
Grid_151,G,19.00958,72.97,Navi Mumbai,0,0.0,0.0,0.0,0,0.0,0.0,0.0,0,0.0,0.0,0.0,0,0.0,0.0,0.0,0,0.0,0.0,0.0,0,0.0,0.0,0.0,0,0.0,0.0,0.0,0,0.0,0.0,0.0,0,0.0,0.0,0.0,0,0.0,0.0,0.0
Grid_152,G,19.00958,72.99,Navi Mumbai,0,0.0,0.0,0.0,0,0.0,0.0,0.0,0,0.0,0.0,0.0,0,0.0,0.0,0.0,0,0.0,0.0,0.0,0,0.0,0.0,0.0,0,0.0,0.0,0.0,0,0.0,0.0,0.0,0,0.0,0.0,0.0,0,0.0,0.0,0.0
Grid_153,G,19.00958,73.01,Navi Mumbai,6,3.96,46.26,0.9,2,3.65,8.01,0.3,0,0.0,0.0,0.0,0,0.0,0.0,0.0,0,0.0,0.0,0.0,18,4.45,235.8,0.7,16,4.75,215.32,11.9,2,4.16,9.15,1.1,0,0.0,0.0,0.0,0,0.0,0.0,0.0
Grid_154,G,19.00958,73.03,Navi Mumbai,0,0.0,0.0,0.0,0,0.0,0.0,0.0,0,0.0,0.0,0.0,0,0.0,0.0,0.0,0,0.0,0.0,0.0,0,0.0,0.0,0.0,0,0.0,0.0,0.0,0,0.0,0.0,0.0,0,0.0,0.0,0.0,0,0.0,0.0,0.0
Grid_155,G,19.00958,73.05,Navi Mumbai,24,4.74,365.96,7.2,4,4.12,26.52,1.0,0,0.0,0.0,0.0,0,0.0,0.0,0.0,0,0.0,0.0,0.0,12,4.7,144.55,0.4,6,3.88,45.25,2.5,4,4.23,27.25,3.2,0,0.0,0.0,0.0,0,0.0,0.0,0.0
Grid_156,G,19.00958,73.07,Navi Mumbai,0,0.0,0.0,0.0,0,0.0,0.0,0.0,0,0.0,0.0,0.0,0,0.0,0.0,0.0,0,0.0,0.0,0.0,0,0.0,0.0,0.0,0,0.0,0.0,0.0,0,0.0,0.0,0.0,0,0.0,0.0,0.0,0,0.0,0.0,0.0
Grid_157,G,19.00958,73.09,Navi Mumbai,16,4.41,199.88,3.9,0,0.0,0.0,0.0,0,0.0,0.0,0.0,0,0.0,0.0,0.0,0,0.0,0.0,0.0,6,4.08,47.69,0.1,2,3.69,8.11,0.4,0,0.0,0.0,0.0,0,0.0,0.0,0.0,0,0.0,0.0,0.0
Grid_158,G,19.00958,73.11,Navi Mumbai,0,0.0,0.0,0.0,0,0.0,0.0,0.0,0,0.0,0.0,0.0,0,0.0,0.0,0.0,0,0.0,0.0,0.0,0,0.0,0.0,0.0,0,0.0,0.0,0.0,0,0.0,0.0,0.0,0,0.0,0.0,0.0,0,0.0,0.0,0.0
Grid_159,G,19.00958,73.13,Navi Mumbai,4,3.82,24.57,0.5,2,3.72,8.17,0.3,0,0.0,0.0,0.0,0,0.0,0.0,0.0,0,0.0,0.0,0.0,2,3.84,8.43,0.0,2,3.66,8.04,0.4,0,0.0,0.0,0.0,0,0.0,0.0,0.0,0,0.0,0.0,0.0
Grid_160,G,19.00958,73.15,Navi Mumbai,0,0.0,0.0,0.0,0,0.0,0.0,0.0,0,0.0,0.0,0.0,0,0.0,0.0,0.0,0,0.0,0.0,0.0,0,0.0,0.0,0.0,0,0.0,0.0,0.0,0,0.0,0.0,0.0,0,0.0,0.0,0.0,0,0.0,0.0,0.0
Grid_161,G,19.02667,72.77,South Mumbai,0,0.0,0.0,0.0,0,0.0,0.0,0.0,0,0.0,0.0,0.0,0,0.0,0.0,0.0,0,0.0,0.0,0.0,0,0.0,0.0,0.0,0,0.0,0.0,0.0,0,0.0,0.0,0.0,0,0.0,0.0,0.0,0,0.0,0.0,0.0
Grid_162,G,19.02667,72.79,South Mumbai,0,0.0,0.0,0.0,0,0.0,0.0,0.0,0,0.0,0.0,0.0,0,0.0,0.0,0.0,0,0.0,0.0,0.0,0,0.0,0.0,0.0,0,0.0,0.0,0.0,0,0.0,0.0,0.0,0,0.0,0.0,0.0,0,0.0,0.0,0.0
Grid_163,G,19.02667,72.81,South Mumbai,0,0.0,0.0,0.0,0,0.0,0.0,0.0,0,0.0,0.0,0.0,0,0.0,0.0,0.0,0,0.0,0.0,0.0,0,0.0,0.0,0.0,0,0.0,0.0,0.0,0,0.0,0.0,0.0,0,0.0,0.0,0.0,0,0.0,0.0,0.0
Grid_164,G,19.02667,72.83,South Mumbai,46,4.57,809.07,16.0,24,4.57,353.39,13.2,6,4.37,50.97,24.8,4,3.77,24.26,2.2,8,4.07,71.55,2.6,132,4.63,2989.78,8.8,36,4.22,548.16,30.3,4,3.72,23.97,2.8,4,3.85,24.77,5.7,0,0.0,0.0,0.0
Grid_165,G,19.02667,72.85,South Mumbai,72,4.46,1376.54,27.2,36,4.56,592.58,22.1,4,3.99,25.69,12.5,20,4.27,259.75,23.4,20,4.29,261.43,9.5,414,4.61,11516.11,34.0,94,4.22,1807.45,100.0,10,4.54,108.95,12.8,2,3.73,8.2,1.9,0,0.0,0.0,0.0
Grid_166,G,19.02667,72.87,South Mumbai,0,0.0,0.0,0.0,0,0.0,0.0,0.0,0,0.0,0.0,0.0,0,0.0,0.0,0.0,0,0.0,0.0,0.0,0,0.0,0.0,0.0,0,0.0,0.0,0.0,0,0.0,0.0,0.0,0,0.0,0.0,0.0,0,0.0,0.0,0.0
Grid_167,G,19.02667,72.89,South Mumbai,0,0.0,0.0,0.0,0,0.0,0.0,0.0,0,0.0,0.0,0.0,2,3.82,8.38,0.8,0,0.0,0.0,0.0,0,0.0,0.0,0.0,0,0.0,0.0,0.0,0,0.0,0.0,0.0,0,0.0,0.0,0.0,0,0.0,0.0,0.0
Grid_168,G,19.02667,72.91,South Mumbai,0,0.0,0.0,0.0,0,0.0,0.0,0.0,0,0.0,0.0,0.0,0,0.0,0.0,0.0,0,0.0,0.0,0.0,0,0.0,0.0,0.0,0,0.0,0.0,0.0,0,0.0,0.0,0.0,0,0.0,0.0,0.0,0,0.0,0.0,0.0
Grid_169,G,19.02667,72.93,South Mumbai,6,4.26,49.72,1.0,2,4.16,9.14,0.3,2,4.02,8.82,4.3,0,0.0,0.0,0.0,8,4.41,77.54,2.8,56,4.41,999.25,3.0,6,4.2,49.02,2.7,8,3.98,69.98,8.2,0,0.0,0.0,0.0,0,0.0,0.0,0.0
Grid_170,G,19.02667,72.95,South Mumbai,0,0.0,0.0,0.0,0,0.0,0.0,0.0,2,3.65,8.03,3.9,0,0.0,0.0,0.0,0,0.0,0.0,0.0,10,4.51,108.15,0.3,12,4.16,128.09,7.1,8,4.4,77.27,9.1,0,0.0,0.0,0.0,0,0.0,0.0,0.0
Grid_171,G,19.02667,72.97,Navi Mumbai,0,0.0,0.0,0.0,0,0.0,0.0,0.0,0,0.0,0.0,0.0,0,0.0,0.0,0.0,0,0.0,0.0,0.0,0,0.0,0.0,0.0,0,0.0,0.0,0.0,0,0.0,0.0,0.0,0,0.0,0.0,0.0,0,0.0,0.0,0.0
Grid_172,G,19.02667,72.99,Navi Mumbai,0,0.0,0.0,0.0,0,0.0,0.0,0.0,0,0.0,0.0,0.0,0,0.0,0.0,0.0,0,0.0,0.0,0.0,0,0.0,0.0,0.0,0,0.0,0.0,0.0,0,0.0,0.0,0.0,0,0.0,0.0,0.0,0,0.0,0.0,0.0
Grid_173,G,19.02667,73.01,Navi Mumbai,28,4.74,447.22,8.8,8,4.09,71.87,2.7,6,4.38,51.18,24.9,8,4.39,77.16,6.9,4,3.89,25.06,0.9,44,4.69,785.54,2.3,20,4.31,262.42,14.5,8,4.32,75.91,8.9,2,4.06,8.93,2.0,0,0.0,0.0,0.0
Grid_174,G,19.02667,73.03,Navi Mumbai,8,3.9,68.57,1.4,2,3.91,8.58,0.3,0,0.0,0.0,0.0,2,3.67,8.07,0.7,2,3.62,7.96,0.3,26,4.34,371.87,1.1,18,4.51,239.12,13.2,4,4.29,27.6,3.3,0,0.0,0.0,0.0,4,4.29,27.62,100.0
Grid_175,G,19.02667,73.05,Navi Mumbai,8,4.43,77.91,1.5,2,3.66,8.05,0.3,0,0.0,0.0,0.0,0,0.0,0.0,0.0,2,3.67,8.07,0.3,10,4.38,105.01,0.3,14,4.66,176.78,9.8,4,4.14,26.65,3.1,0,0.0,0.0,0.0,0,0.0,0.0,0.0
Grid_176,G,19.02667,73.07,Navi Mumbai,14,4.3,162.9,3.2,6,4.26,49.78,1.9,0,0.0,0.0,0.0,0,0.0,0.0,0.0,0,0.0,0.0,0.0,24,4.36,337.13,1.0,8,4.31,75.84,4.2,4,4.24,27.3,3.2,0,0.0,0.0,0.0,0,0.0,0.0,0.0
Grid_177,G,19.02667,73.09,Navi Mumbai,0,0.0,0.0,0.0,0,0.0,0.0,0.0,0,0.0,0.0,0.0,0,0.0,0.0,0.0,0,0.0,0.0,0.0,0,0.0,0.0,0.0,0,0.0,0.0,0.0,0,0.0,0.0,0.0,0,0.0,0.0,0.0,0,0.0,0.0,0.0
Grid_178,G,19.02667,73.11,Navi Mumbai,0,0.0,0.0,0.0,0,0.0,0.0,0.0,0,0.0,0.0,0.0,0,0.0,0.0,0.0,0,0.0,0.0,0.0,0,0.0,0.0,0.0,0,0.0,0.0,0.0,0,0.0,0.0,0.0,0,0.0,0.0,0.0,0,0.0,0.0,0.0
Grid_179,G,19.02667,73.13,Navi Mumbai,0,0.0,0.0,0.0,0,0.0,0.0,0.0,0,0.0,0.0,0.0,0,0.0,0.0,0.0,0,0.0,0.0,0.0,0,0.0,0.0,0.0,0,0.0,0.0,0.0,0,0.0,0.0,0.0,0,0.0,0.0,0.0,0,0.0,0.0,0.0
Grid_180,G,19.02667,73.15,Navi Mumbai,0,0.0,0.0,0.0,0,0.0,0.0,0.0,0,0.0,0.0,0.0,0,0.0,0.0,0.0,0,0.0,0.0,0.0,0,0.0,0.0,0.0,0,0.0,0.0,0.0,0,0.0,0.0,0.0,0,0.0,0.0,0.0,0,0.0,0.0,0.0
Grid_181,G,19.04375,72.77,South Mumbai,0,0.0,0.0,0.0,0,0.0,0.0,0.0,0,0.0,0.0,0.0,0,0.0,0.0,0.0,0,0.0,0.0,0.0,0,0.0,0.0,0.0,0,0.0,0.0,0.0,0,0.0,0.0,0.0,0,0.0,0.0,0.0,0,0.0,0.0,0.0
Grid_182,G,19.04375,72.79,South Mumbai,0,0.0,0.0,0.0,0,0.0,0.0,0.0,0,0.0,0.0,0.0,0,0.0,0.0,0.0,0,0.0,0.0,0.0,0,0.0,0.0,0.0,0,0.0,0.0,0.0,0,0.0,0.0,0.0,0,0.0,0.0,0.0,0,0.0,0.0,0.0
Grid_183,G,19.04375,72.81,South Mumbai,0,0.0,0.0,0.0,8,4.36,76.63,2.9,0,0.0,0.0,0.0,0,0.0,0.0,0.0,0,0.0,0.0,0.0,4,4.14,26.64,0.1,2,3.91,8.59,0.5,2,4.12,9.04,1.1,0,0.0,0.0,0.0,0,0.0,0.0,0.0
Grid_184,G,19.04375,72.83,South Mumbai,0,0.0,0.0,0.0,0,0.0,0.0,0.0,0,0.0,0.0,0.0,0,0.0,0.0,0.0,0,0.0,0.0,0.0,0,0.0,0.0,0.0,0,0.0,0.0,0.0,0,0.0,0.0,0.0,0,0.0,0.0,0.0,0,0.0,0.0,0.0
Grid_185,G,19.04375,72.85,South Mumbai,46,4.43,784.76,15.5,14,4.32,163.64,6.1,4,3.9,25.12,12.2,8,4.37,76.83,6.9,4,4.26,27.46,1.0,92,4.29,1790.64,5.3,56,4.49,1016.65,56.2,4,4.01,25.85,3.0,6,3.93,45.9,10.5,0,0.0,0.0,0.0
Grid_186,G,19.04375,72.87,South Mumbai,20,4.22,256.77,5.1,4,4.08,26.27,1.0,0,0.0,0.0,0.0,2,4.09,9.0,0.8,2,3.63,7.98,0.3,58,4.66,1101.21,3.3,12,4.58,140.83,7.8,10,4.46,106.93,12.6,2,3.76,8.26,1.9,0,0.0,0.0,0.0
Grid_187,G,19.04375,72.89,South Mumbai,20,4.64,282.63,5.6,8,4.02,70.74,2.6,2,3.8,8.36,4.1,6,4.2,49.01,4.4,2,3.9,8.57,0.3,42,4.43,699.84,2.1,8,4.01,70.44,3.9,4,3.71,23.91,2.8,2,4.04,8.87,2.0,0,0.0,0.0,0.0
Grid_188,G,19.04375,72.91,South Mumbai,0,0.0,0.0,0.0,0,0.0,0.0,0.0,0,0.0,0.0,0.0,0,0.0,0.0,0.0,0,0.0,0.0,0.0,0,0.0,0.0,0.0,0,0.0,0.0,0.0,0,0.0,0.0,0.0,0,0.0,0.0,0.0,0,0.0,0.0,0.0
Grid_189,G,19.04375,72.93,South Mumbai,0,0.0,0.0,0.0,0,0.0,0.0,0.0,0,0.0,0.0,0.0,0,0.0,0.0,0.0,0,0.0,0.0,0.0,0,0.0,0.0,0.0,0,0.0,0.0,0.0,0,0.0,0.0,0.0,0,0.0,0.0,0.0,0,0.0,0.0,0.0
Grid_190,G,19.04375,72.95,South Mumbai,2,3.62,7.95,0.2,0,0.0,0.0,0.0,2,3.6,7.92,3.9,0,0.0,0.0,0.0,0,0.0,0.0,0.0,10,4.31,103.36,0.3,20,4.54,276.17,15.3,8,4.41,77.5,9.1,0,0.0,0.0,0.0,0,0.0,0.0,0.0
Grid_191,G,19.04375,72.97,Navi Mumbai,0,0.0,0.0,0.0,0,0.0,0.0,0.0,0,0.0,0.0,0.0,0,0.0,0.0,0.0,0,0.0,0.0,0.0,0,0.0,0.0,0.0,0,0.0,0.0,0.0,0,0.0,0.0,0.0,0,0.0,0.0,0.0,0,0.0,0.0,0.0
Grid_192,G,19.04375,72.99,Navi Mumbai,0,0.0,0.0,0.0,0,0.0,0.0,0.0,0,0.0,0.0,0.0,0,0.0,0.0,0.0,0,0.0,0.0,0.0,0,0.0,0.0,0.0,0,0.0,0.0,0.0,0,0.0,0.0,0.0,0,0.0,0.0,0.0,0,0.0,0.0,0.0
Grid_193,G,19.04375,73.01,Navi Mumbai,0,0.0,0.0,0.0,0,0.0,0.0,0.0,0,0.0,0.0,0.0,0,0.0,0.0,0.0,0,0.0,0.0,0.0,0,0.0,0.0,0.0,0,0.0,0.0,0.0,0,0.0,0.0,0.0,0,0.0,0.0,0.0,0,0.0,0.0,0.0
Grid_194,G,19.04375,73.03,Navi Mumbai,2,3.94,8.66,0.2,0,0.0,0.0,0.0,0,0.0,0.0,0.0,4,4.09,26.35,2.4,0,0.0,0.0,0.0,82,4.51,1635.66,4.8,14,4.75,180.14,10.0,8,4.44,78.11,9.2,0,0.0,0.0,0.0,0,0.0,0.0,0.0
Grid_195,G,19.04375,73.05,Navi Mumbai,0,0.0,0.0,0.0,0,0.0,0.0,0.0,0,0.0,0.0,0.0,0,0.0,0.0,0.0,0,0.0,0.0,0.0,0,0.0,0.0,0.0,0,0.0,0.0,0.0,0,0.0,0.0,0.0,0,0.0,0.0,0.0,0,0.0,0.0,0.0
Grid_196,G,19.04375,73.07,Navi Mumbai,28,4.41,415.65,8.2,6,4.39,51.28,1.9,4,4.06,26.13,12.7,0,0.0,0.0,0.0,2,3.92,8.61,0.3,38,4.79,667.35,2.0,24,4.26,329.01,18.2,4,4.28,27.54,3.2,0,0.0,0.0,0.0,0,0.0,0.0,0.0
Grid_197,G,19.04375,73.09,Navi Mumbai,0,0.0,0.0,0.0,0,0.0,0.0,0.0,0,0.0,0.0,0.0,0,0.0,0.0,0.0,0,0.0,0.0,0.0,0,0.0,0.0,0.0,0,0.0,0.0,0.0,0,0.0,0.0,0.0,0,0.0,0.0,0.0,0,0.0,0.0,0.0
Grid_198,G,19.04375,73.11,Navi Mumbai,4,3.82,24.58,0.5,0,0.0,0.0,0.0,0,0.0,0.0,0.0,0,0.0,0.0,0.0,0,0.0,0.0,0.0,2,4.13,9.08,0.0,0,0.0,0.0,0.0,0,0.0,0.0,0.0,0,0.0,0.0,0.0,0,0.0,0.0,0.0
Grid_199,G,19.04375,73.13,Navi Mumbai,0,0.0,0.0,0.0,0,0.0,0.0,0.0,0,0.0,0.0,0.0,0,0.0,0.0,0.0,0,0.0,0.0,0.0,0,0.0,0.0,0.0,0,0.0,0.0,0.0,0,0.0,0.0,0.0,0,0.0,0.0,0.0,0,0.0,0.0,0.0
Grid_200,G,19.04375,73.15,Navi Mumbai,0,0.0,0.0,0.0,0,0.0,0.0,0.0,0,0.0,0.0,0.0,0,0.0,0.0,0.0,0,0.0,0.0,0.0,0,0.0,0.0,0.0,0,0.0,0.0,0.0,0,0.0,0.0,0.0,0,0.0,0.0,0.0,0,0.0,0.0,0.0
Grid_201,G,19.06083,72.77,West Suburbs,0,0.0,0.0,0.0,0,0.0,0.0,0.0,0,0.0,0.0,0.0,0,0.0,0.0,0.0,0,0.0,0.0,0.0,0,0.0,0.0,0.0,0,0.0,0.0,0.0,0,0.0,0.0,0.0,0,0.0,0.0,0.0,0,0.0,0.0,0.0
Grid_202,G,19.06083,72.79,West Suburbs,0,0.0,0.0,0.0,0,0.0,0.0,0.0,0,0.0,0.0,0.0,0,0.0,0.0,0.0,0,0.0,0.0,0.0,0,0.0,0.0,0.0,0,0.0,0.0,0.0,0,0.0,0.0,0.0,0,0.0,0.0,0.0,0,0.0,0.0,0.0
Grid_203,G,19.06083,72.81,West Suburbs,0,0.0,0.0,0.0,0,0.0,0.0,0.0,0,0.0,0.0,0.0,0,0.0,0.0,0.0,0,0.0,0.0,0.0,0,0.0,0.0,0.0,0,0.0,0.0,0.0,0,0.0,0.0,0.0,0,0.0,0.0,0.0,0,0.0,0.0,0.0
Grid_204,G,19.06083,72.83,West Suburbs,202,4.72,5064.91,100.0,120,4.66,2681.55,100.0,14,4.7,178.23,86.9,58,4.7,1111.11,100.0,128,4.42,2748.13,100.0,1104,4.37,33832.02,100.0,40,4.27,634.34,35.1,36,4.73,615.01,72.5,30,4.23,435.73,100.0,4,3.97,25.54,92.5
Grid_205,G,19.06083,72.85,West Suburbs,0,0.0,0.0,0.0,0,0.0,0.0,0.0,0,0.0,0.0,0.0,0,0.0,0.0,0.0,0,0.0,0.0,0.0,0,0.0,0.0,0.0,0,0.0,0.0,0.0,0,0.0,0.0,0.0,0,0.0,0.0,0.0,0,0.0,0.0,0.0
Grid_206,G,19.06083,72.87,West Suburbs,48,4.28,800.3,15.8,8,4.43,77.78,2.9,0,0.0,0.0,0.0,0,0.0,0.0,0.0,0,0.0,0.0,0.0,28,4.38,413.35,1.2,14,4.51,170.97,9.5,14,4.71,178.72,21.1,4,4.09,26.35,6.0,0,0.0,0.0,0.0
Grid_207,G,19.06083,72.89,West Suburbs,0,0.0,0.0,0.0,0,0.0,0.0,0.0,0,0.0,0.0,0.0,0,0.0,0.0,0.0,0,0.0,0.0,0.0,0,0.0,0.0,0.0,0,0.0,0.0,0.0,0,0.0,0.0,0.0,0,0.0,0.0,0.0,0,0.0,0.0,0.0
Grid_208,G,19.06083,72.91,East Suburbs,42,4.44,701.73,13.9,20,4.5,274.31,10.2,2,3.75,8.23,4.0,6,4.27,49.89,4.5,4,3.93,25.3,0.9,162,4.62,3816.18,11.3,50,4.56,895.74,49.6,20,4.31,262.42,30.9,6,4.23,49.44,11.3,0,0.0,0.0,0.0
Grid_209,G,19.06083,72.93,East Suburbs,0,0.0,0.0,0.0,0,0.0,0.0,0.0,0,0.0,0.0,0.0,0,0.0,0.0,0.0,0,0.0,0.0,0.0,0,0.0,0.0,0.0,0,0.0,0.0,0.0,0,0.0,0.0,0.0,0,0.0,0.0,0.0,0,0.0,0.0,0.0
Grid_210,G,19.06083,72.95,East Suburbs,0,0.0,0.0,0.0,0,0.0,0.0,0.0,0,0.0,0.0,0.0,0,0.0,0.0,0.0,0,0.0,0.0,0.0,0,0.0,0.0,0.0,0,0.0,0.0,0.0,0,0.0,0.0,0.0,0,0.0,0.0,0.0,0,0.0,0.0,0.0
Grid_211,G,19.06083,72.97,East Suburbs,0,0.0,0.0,0.0,0,0.0,0.0,0.0,0,0.0,0.0,0.0,0,0.0,0.0,0.0,0,0.0,0.0,0.0,0,0.0,0.0,0.0,0,0.0,0.0,0.0,0,0.0,0.0,0.0,0,0.0,0.0,0.0,0,0.0,0.0,0.0
Grid_212,G,19.06083,72.99,East Suburbs,0,0.0,0.0,0.0,0,0.0,0.0,0.0,0,0.0,0.0,0.0,0,0.0,0.0,0.0,0,0.0,0.0,0.0,0,0.0,0.0,0.0,0,0.0,0.0,0.0,0,0.0,0.0,0.0,0,0.0,0.0,0.0,0,0.0,0.0,0.0
Grid_213,G,19.06083,73.01,East Suburbs,0,0.0,0.0,0.0,0,0.0,0.0,0.0,0,0.0,0.0,0.0,0,0.0,0.0,0.0,0,0.0,0.0,0.0,0,0.0,0.0,0.0,0,0.0,0.0,0.0,0,0.0,0.0,0.0,0,0.0,0.0,0.0,0,0.0,0.0,0.0
Grid_214,G,19.06083,73.03,East Suburbs,2,4.08,8.97,0.2,0,0.0,0.0,0.0,0,0.0,0.0,0.0,0,0.0,0.0,0.0,0,0.0,0.0,0.0,8,4.11,72.32,0.2,0,0.0,0.0,0.0,0,0.0,0.0,0.0,2,4.1,9.01,2.1,0,0.0,0.0,0.0
Grid_215,G,19.06083,73.05,East Suburbs,0,0.0,0.0,0.0,0,0.0,0.0,0.0,0,0.0,0.0,0.0,0,0.0,0.0,0.0,0,0.0,0.0,0.0,0,0.0,0.0,0.0,0,0.0,0.0,0.0,0,0.0,0.0,0.0,0,0.0,0.0,0.0,0,0.0,0.0,0.0
Grid_216,G,19.06083,73.07,East Suburbs,0,0.0,0.0,0.0,0,0.0,0.0,0.0,0,0.0,0.0,0.0,0,0.0,0.0,0.0,0,0.0,0.0,0.0,0,0.0,0.0,0.0,0,0.0,0.0,0.0,0,0.0,0.0,0.0,0,0.0,0.0,0.0,0,0.0,0.0,0.0
Grid_217,G,19.06083,73.09,East Suburbs,0,0.0,0.0,0.0,0,0.0,0.0,0.0,0,0.0,0.0,0.0,0,0.0,0.0,0.0,0,0.0,0.0,0.0,0,0.0,0.0,0.0,0,0.0,0.0,0.0,0,0.0,0.0,0.0,0,0.0,0.0,0.0,0,0.0,0.0,0.0
Grid_218,G,19.06083,73.11,East Suburbs,0,0.0,0.0,0.0,0,0.0,0.0,0.0,0,0.0,0.0,0.0,0,0.0,0.0,0.0,0,0.0,0.0,0.0,0,0.0,0.0,0.0,0,0.0,0.0,0.0,2,3.76,8.27,1.0,0,0.0,0.0,0.0,0,0.0,0.0,0.0
Grid_219,G,19.06083,73.13,East Suburbs,0,0.0,0.0,0.0,0,0.0,0.0,0.0,0,0.0,0.0,0.0,0,0.0,0.0,0.0,0,0.0,0.0,0.0,0,0.0,0.0,0.0,0,0.0,0.0,0.0,0,0.0,0.0,0.0,0,0.0,0.0,0.0,0,0.0,0.0,0.0
Grid_220,G,19.06083,73.15,East Suburbs,0,0.0,0.0,0.0,0,0.0,0.0,0.0,0,0.0,0.0,0.0,0,0.0,0.0,0.0,0,0.0,0.0,0.0,0,0.0,0.0,0.0,0,0.0,0.0,0.0,0,0.0,0.0,0.0,0,0.0,0.0,0.0,0,0.0,0.0,0.0
Grid_221,G,19.07792,72.77,West Suburbs,0,0.0,0.0,0.0,0,0.0,0.0,0.0,0,0.0,0.0,0.0,0,0.0,0.0,0.0,0,0.0,0.0,0.0,0,0.0,0.0,0.0,0,0.0,0.0,0.0,0,0.0,0.0,0.0,0,0.0,0.0,0.0,0,0.0,0.0,0.0
Grid_222,G,19.07792,72.79,West Suburbs,0,0.0,0.0,0.0,0,0.0,0.0,0.0,0,0.0,0.0,0.0,0,0.0,0.0,0.0,0,0.0,0.0,0.0,0,0.0,0.0,0.0,0,0.0,0.0,0.0,0,0.0,0.0,0.0,0,0.0,0.0,0.0,0,0.0,0.0,0.0
Grid_223,G,19.07792,72.81,West Suburbs,0,0.0,0.0,0.0,0,0.0,0.0,0.0,0,0.0,0.0,0.0,0,0.0,0.0,0.0,0,0.0,0.0,0.0,0,0.0,0.0,0.0,0,0.0,0.0,0.0,0,0.0,0.0,0.0,0,0.0,0.0,0.0,0,0.0,0.0,0.0
Grid_224,G,19.07792,72.83,West Suburbs,0,0.0,0.0,0.0,0,0.0,0.0,0.0,0,0.0,0.0,0.0,0,0.0,0.0,0.0,0,0.0,0.0,0.0,0,0.0,0.0,0.0,0,0.0,0.0,0.0,0,0.0,0.0,0.0,0,0.0,0.0,0.0,0,0.0,0.0,0.0
Grid_225,G,19.07792,72.85,West Suburbs,0,0.0,0.0,0.0,0,0.0,0.0,0.0,0,0.0,0.0,0.0,0,0.0,0.0,0.0,0,0.0,0.0,0.0,0,0.0,0.0,0.0,0,0.0,0.0,0.0,0,0.0,0.0,0.0,0,0.0,0.0,0.0,0,0.0,0.0,0.0
Grid_226,G,19.07792,72.87,West Suburbs,24,4.23,327.11,6.5,8,4.04,71.06,2.6,0,0.0,0.0,0.0,8,4.46,78.47,7.1,0,0.0,0.0,0.0,40,4.53,672.19,2.0,8,3.96,69.67,3.9,20,4.58,278.66,32.8,0,0.0,0.0,0.0,0,0.0,0.0,0.0
Grid_227,G,19.07792,72.89,West Suburbs,0,0.0,0.0,0.0,0,0.0,0.0,0.0,0,0.0,0.0,0.0,0,0.0,0.0,0.0,0,0.0,0.0,0.0,0,0.0,0.0,0.0,0,0.0,0.0,0.0,0,0.0,0.0,0.0,0,0.0,0.0,0.0,0,0.0,0.0,0.0
Grid_228,G,19.07792,72.91,East Suburbs,0,0.0,0.0,0.0,0,0.0,0.0,0.0,0,0.0,0.0,0.0,0,0.0,0.0,0.0,0,0.0,0.0,0.0,0,0.0,0.0,0.0,0,0.0,0.0,0.0,0,0.0,0.0,0.0,0,0.0,0.0,0.0,0,0.0,0.0,0.0
Grid_229,G,19.07792,72.93,East Suburbs,0,0.0,0.0,0.0,0,0.0,0.0,0.0,0,0.0,0.0,0.0,0,0.0,0.0,0.0,0,0.0,0.0,0.0,0,0.0,0.0,0.0,0,0.0,0.0,0.0,0,0.0,0.0,0.0,0,0.0,0.0,0.0,0,0.0,0.0,0.0
Grid_230,G,19.07792,72.95,East Suburbs,0,0.0,0.0,0.0,0,0.0,0.0,0.0,0,0.0,0.0,0.0,0,0.0,0.0,0.0,0,0.0,0.0,0.0,0,0.0,0.0,0.0,0,0.0,0.0,0.0,0,0.0,0.0,0.0,0,0.0,0.0,0.0,0,0.0,0.0,0.0
Grid_231,G,19.07792,72.97,East Suburbs,0,0.0,0.0,0.0,0,0.0,0.0,0.0,0,0.0,0.0,0.0,0,0.0,0.0,0.0,0,0.0,0.0,0.0,0,0.0,0.0,0.0,0,0.0,0.0,0.0,0,0.0,0.0,0.0,0,0.0,0.0,0.0,0,0.0,0.0,0.0
Grid_232,G,19.07792,72.99,East Suburbs,6,3.84,44.83,0.9,4,4.21,27.08,1.0,0,0.0,0.0,0.0,8,4.05,71.16,6.4,8,4.15,72.94,2.7,128,4.35,2706.18,8.0,16,4.77,216.04,12.0,22,4.56,314.65,37.1,0,0.0,0.0,0.0,0,0.0,0.0,0.0
Grid_233,G,19.07792,73.01,East Suburbs,0,0.0,0.0,0.0,0,0.0,0.0,0.0,0,0.0,0.0,0.0,0,0.0,0.0,0.0,0,0.0,0.0,0.0,0,0.0,0.0,0.0,0,0.0,0.0,0.0,0,0.0,0.0,0.0,0,0.0,0.0,0.0,0,0.0,0.0,0.0
Grid_234,G,19.07792,73.03,East Suburbs,0,0.0,0.0,0.0,0,0.0,0.0,0.0,0,0.0,0.0,0.0,0,0.0,0.0,0.0,0,0.0,0.0,0.0,6,4.36,50.85,0.2,0,0.0,0.0,0.0,0,0.0,0.0,0.0,0,0.0,0.0,0.0,0,0.0,0.0,0.0
Grid_235,G,19.07792,73.05,East Suburbs,0,0.0,0.0,0.0,0,0.0,0.0,0.0,0,0.0,0.0,0.0,0,0.0,0.0,0.0,0,0.0,0.0,0.0,0,0.0,0.0,0.0,0,0.0,0.0,0.0,0,0.0,0.0,0.0,0,0.0,0.0,0.0,0,0.0,0.0,0.0
Grid_236,G,19.07792,73.07,East Suburbs,6,3.87,45.15,0.9,0,0.0,0.0,0.0,0,0.0,0.0,0.0,2,3.65,8.03,0.7,0,0.0,0.0,0.0,4,3.99,25.65,0.1,2,3.86,8.49,0.5,0,0.0,0.0,0.0,0,0.0,0.0,0.0,0,0.0,0.0,0.0
Grid_237,G,19.07792,73.09,East Suburbs,0,0.0,0.0,0.0,0,0.0,0.0,0.0,0,0.0,0.0,0.0,0,0.0,0.0,0.0,0,0.0,0.0,0.0,0,0.0,0.0,0.0,0,0.0,0.0,0.0,0,0.0,0.0,0.0,0,0.0,0.0,0.0,0,0.0,0.0,0.0
Grid_238,G,19.07792,73.11,East Suburbs,0,0.0,0.0,0.0,0,0.0,0.0,0.0,0,0.0,0.0,0.0,0,0.0,0.0,0.0,0,0.0,0.0,0.0,0,0.0,0.0,0.0,0,0.0,0.0,0.0,0,0.0,0.0,0.0,0,0.0,0.0,0.0,0,0.0,0.0,0.0
Grid_239,G,19.07792,73.13,East Suburbs,0,0.0,0.0,0.0,0,0.0,0.0,0.0,0,0.0,0.0,0.0,0,0.0,0.0,0.0,0,0.0,0.0,0.0,0,0.0,0.0,0.0,0,0.0,0.0,0.0,0,0.0,0.0,0.0,0,0.0,0.0,0.0,0,0.0,0.0,0.0
Grid_240,G,19.07792,73.15,East Suburbs,0,0.0,0.0,0.0,0,0.0,0.0,0.0,0,0.0,0.0,0.0,0,0.0,0.0,0.0,0,0.0,0.0,0.0,0,0.0,0.0,0.0,0,0.0,0.0,0.0,0,0.0,0.0,0.0,0,0.0,0.0,0.0,0,0.0,0.0,0.0
Grid_241,G,19.095,72.77,West Suburbs,0,0.0,0.0,0.0,0,0.0,0.0,0.0,0,0.0,0.0,0.0,0,0.0,0.0,0.0,0,0.0,0.0,0.0,0,0.0,0.0,0.0,0,0.0,0.0,0.0,0,0.0,0.0,0.0,0,0.0,0.0,0.0,0,0.0,0.0,0.0
Grid_242,G,19.095,72.79,West Suburbs,0,0.0,0.0,0.0,0,0.0,0.0,0.0,0,0.0,0.0,0.0,0,0.0,0.0,0.0,0,0.0,0.0,0.0,0,0.0,0.0,0.0,0,0.0,0.0,0.0,0,0.0,0.0,0.0,0,0.0,0.0,0.0,0,0.0,0.0,0.0
Grid_243,G,19.095,72.81,West Suburbs,0,0.0,0.0,0.0,0,0.0,0.0,0.0,0,0.0,0.0,0.0,0,0.0,0.0,0.0,0,0.0,0.0,0.0,0,0.0,0.0,0.0,0,0.0,0.0,0.0,0,0.0,0.0,0.0,0,0.0,0.0,0.0,0,0.0,0.0,0.0
Grid_244,G,19.095,72.83,West Suburbs,0,0.0,0.0,0.0,0,0.0,0.0,0.0,0,0.0,0.0,0.0,0,0.0,0.0,0.0,0,0.0,0.0,0.0,0,0.0,0.0,0.0,0,0.0,0.0,0.0,0,0.0,0.0,0.0,0,0.0,0.0,0.0,0,0.0,0.0,0.0
Grid_245,G,19.095,72.85,West Suburbs,0,0.0,0.0,0.0,0,0.0,0.0,0.0,0,0.0,0.0,0.0,0,0.0,0.0,0.0,0,0.0,0.0,0.0,0,0.0,0.0,0.0,0,0.0,0.0,0.0,0,0.0,0.0,0.0,0,0.0,0.0,0.0,0,0.0,0.0,0.0
Grid_246,G,19.095,72.87,West Suburbs,24,4.59,354.27,7.0,20,4.44,270.07,10.1,0,0.0,0.0,0.0,2,3.99,8.77,0.8,2,4.07,8.93,0.3,30,4.7,484.47,1.4,4,4.05,26.05,1.4,28,4.5,424.2,50.0,2,3.61,7.94,1.8,0,0.0,0.0,0.0
Grid_247,G,19.095,72.89,West Suburbs,0,0.0,0.0,0.0,0,0.0,0.0,0.0,0,0.0,0.0,0.0,0,0.0,0.0,0.0,0,0.0,0.0,0.0,0,0.0,0.0,0.0,0,0.0,0.0,0.0,0,0.0,0.0,0.0,0,0.0,0.0,0.0,0,0.0,0.0,0.0
Grid_248,G,19.095,72.91,East Suburbs,26,4.29,367.25,7.3,6,3.96,46.28,1.7,2,3.9,8.57,4.2,2,4.05,8.91,0.8,0,0.0,0.0,0.0,36,4.41,573.56,1.7,8,4.47,78.58,4.3,4,3.99,25.66,3.0,0,0.0,0.0,0.0,0,0.0,0.0,0.0
Grid_249,G,19.095,72.93,East Suburbs,0,0.0,0.0,0.0,0,0.0,0.0,0.0,0,0.0,0.0,0.0,0,0.0,0.0,0.0,0,0.0,0.0,0.0,0,0.0,0.0,0.0,0,0.0,0.0,0.0,0,0.0,0.0,0.0,0,0.0,0.0,0.0,0,0.0,0.0,0.0
Grid_250,G,19.095,72.95,East Suburbs,0,0.0,0.0,0.0,0,0.0,0.0,0.0,0,0.0,0.0,0.0,0,0.0,0.0,0.0,0,0.0,0.0,0.0,0,0.0,0.0,0.0,0,0.0,0.0,0.0,0,0.0,0.0,0.0,0,0.0,0.0,0.0,0,0.0,0.0,0.0
Grid_251,G,19.095,72.97,East Suburbs,0,0.0,0.0,0.0,0,0.0,0.0,0.0,0,0.0,0.0,0.0,0,0.0,0.0,0.0,0,0.0,0.0,0.0,0,0.0,0.0,0.0,0,0.0,0.0,0.0,0,0.0,0.0,0.0,0,0.0,0.0,0.0,0,0.0,0.0,0.0
Grid_252,G,19.095,72.99,East Suburbs,0,0.0,0.0,0.0,0,0.0,0.0,0.0,0,0.0,0.0,0.0,0,0.0,0.0,0.0,0,0.0,0.0,0.0,0,0.0,0.0,0.0,0,0.0,0.0,0.0,0,0.0,0.0,0.0,0,0.0,0.0,0.0,0,0.0,0.0,0.0
Grid_253,G,19.095,73.01,East Suburbs,14,4.64,175.92,3.5,8,4.42,77.77,2.9,4,4.15,26.71,13.0,0,0.0,0.0,0.0,2,3.83,8.42,0.3,42,4.2,663.5,2.0,24,4.62,356.78,19.7,2,4.19,9.2,1.1,6,3.92,45.75,10.5,0,0.0,0.0,0.0
Grid_254,G,19.095,73.03,East Suburbs,0,0.0,0.0,0.0,0,0.0,0.0,0.0,0,0.0,0.0,0.0,0,0.0,0.0,0.0,0,0.0,0.0,0.0,0,0.0,0.0,0.0,0,0.0,0.0,0.0,0,0.0,0.0,0.0,0,0.0,0.0,0.0,0,0.0,0.0,0.0
Grid_255,G,19.095,73.05,East Suburbs,0,0.0,0.0,0.0,0,0.0,0.0,0.0,0,0.0,0.0,0.0,0,0.0,0.0,0.0,0,0.0,0.0,0.0,0,0.0,0.0,0.0,0,0.0,0.0,0.0,0,0.0,0.0,0.0,0,0.0,0.0,0.0,0,0.0,0.0,0.0
Grid_256,G,19.095,73.07,East Suburbs,0,0.0,0.0,0.0,0,0.0,0.0,0.0,0,0.0,0.0,0.0,0,0.0,0.0,0.0,0,0.0,0.0,0.0,2,3.75,8.23,0.0,0,0.0,0.0,0.0,0,0.0,0.0,0.0,0,0.0,0.0,0.0,0,0.0,0.0,0.0
Grid_257,G,19.095,73.09,East Suburbs,0,0.0,0.0,0.0,0,0.0,0.0,0.0,0,0.0,0.0,0.0,0,0.0,0.0,0.0,0,0.0,0.0,0.0,0,0.0,0.0,0.0,0,0.0,0.0,0.0,0,0.0,0.0,0.0,0,0.0,0.0,0.0,0,0.0,0.0,0.0
Grid_258,G,19.095,73.11,East Suburbs,0,0.0,0.0,0.0,0,0.0,0.0,0.0,0,0.0,0.0,0.0,0,0.0,0.0,0.0,0,0.0,0.0,0.0,0,0.0,0.0,0.0,0,0.0,0.0,0.0,0,0.0,0.0,0.0,0,0.0,0.0,0.0,0,0.0,0.0,0.0
Grid_259,G,19.095,73.13,East Suburbs,0,0.0,0.0,0.0,0,0.0,0.0,0.0,0,0.0,0.0,0.0,0,0.0,0.0,0.0,0,0.0,0.0,0.0,0,0.0,0.0,0.0,0,0.0,0.0,0.0,0,0.0,0.0,0.0,0,0.0,0.0,0.0,0,0.0,0.0,0.0
Grid_260,G,19.095,73.15,East Suburbs,0,0.0,0.0,0.0,0,0.0,0.0,0.0,0,0.0,0.0,0.0,0,0.0,0.0,0.0,0,0.0,0.0,0.0,0,0.0,0.0,0.0,0,0.0,0.0,0.0,0,0.0,0.0,0.0,0,0.0,0.0,0.0,0,0.0,0.0,0.0
Grid_261,G,19.11208,72.77,West Suburbs,0,0.0,0.0,0.0,0,0.0,0.0,0.0,0,0.0,0.0,0.0,0,0.0,0.0,0.0,0,0.0,0.0,0.0,0,0.0,0.0,0.0,0,0.0,0.0,0.0,0,0.0,0.0,0.0,0,0.0,0.0,0.0,0,0.0,0.0,0.0
Grid_262,G,19.11208,72.79,West Suburbs,0,0.0,0.0,0.0,0,0.0,0.0,0.0,0,0.0,0.0,0.0,0,0.0,0.0,0.0,0,0.0,0.0,0.0,0,0.0,0.0,0.0,0,0.0,0.0,0.0,0,0.0,0.0,0.0,0,0.0,0.0,0.0,0,0.0,0.0,0.0
Grid_263,G,19.11208,72.81,West Suburbs,0,0.0,0.0,0.0,0,0.0,0.0,0.0,0,0.0,0.0,0.0,0,0.0,0.0,0.0,0,0.0,0.0,0.0,0,0.0,0.0,0.0,0,0.0,0.0,0.0,0,0.0,0.0,0.0,0,0.0,0.0,0.0,0,0.0,0.0,0.0
Grid_264,G,19.11208,72.83,West Suburbs,0,0.0,0.0,0.0,0,0.0,0.0,0.0,0,0.0,0.0,0.0,0,0.0,0.0,0.0,0,0.0,0.0,0.0,0,0.0,0.0,0.0,0,0.0,0.0,0.0,0,0.0,0.0,0.0,0,0.0,0.0,0.0,0,0.0,0.0,0.0
Grid_265,G,19.11208,72.85,West Suburbs,62,4.35,1117.99,22.1,24,4.29,331.03,12.3,0,0.0,0.0,0.0,18,4.59,243.37,21.9,12,4.41,135.74,4.9,206,4.68,5140.9,15.2,46,4.66,825.11,45.7,50,4.32,848.5,100.0,4,4.12,26.53,6.1,0,0.0,0.0,0.0
Grid_266,G,19.11208,72.87,West Suburbs,0,0.0,0.0,0.0,0,0.0,0.0,0.0,0,0.0,0.0,0.0,0,0.0,0.0,0.0,0,0.0,0.0,0.0,0,0.0,0.0,0.0,0,0.0,0.0,0.0,0,0.0,0.0,0.0,0,0.0,0.0,0.0,0,0.0,0.0,0.0
Grid_267,G,19.11208,72.89,West Suburbs,32,4.57,511.05,10.1,16,4.64,210.31,7.8,2,3.66,8.03,3.9,0,0.0,0.0,0.0,20,4.7,286.17,10.4,72,4.65,1437.64,4.2,10,4.22,101.12,5.6,32,4.21,470.76,55.5,2,4.19,9.2,2.1,2,3.7,8.12,29.4
Grid_268,G,19.11208,72.91,East Suburbs,0,0.0,0.0,0.0,0,0.0,0.0,0.0,0,0.0,0.0,0.0,0,0.0,0.0,0.0,0,0.0,0.0,0.0,0,0.0,0.0,0.0,0,0.0,0.0,0.0,0,0.0,0.0,0.0,0,0.0,0.0,0.0,0,0.0,0.0,0.0
Grid_269,G,19.11208,72.93,East Suburbs,0,0.0,0.0,0.0,0,0.0,0.0,0.0,0,0.0,0.0,0.0,0,0.0,0.0,0.0,0,0.0,0.0,0.0,0,0.0,0.0,0.0,0,0.0,0.0,0.0,0,0.0,0.0,0.0,0,0.0,0.0,0.0,0,0.0,0.0,0.0
Grid_270,G,19.11208,72.95,East Suburbs,0,0.0,0.0,0.0,0,0.0,0.0,0.0,0,0.0,0.0,0.0,0,0.0,0.0,0.0,0,0.0,0.0,0.0,2,3.85,8.47,0.0,2,3.67,8.07,0.4,0,0.0,0.0,0.0,0,0.0,0.0,0.0,0,0.0,0.0,0.0
Grid_271,G,19.11208,72.97,East Suburbs,0,0.0,0.0,0.0,0,0.0,0.0,0.0,0,0.0,0.0,0.0,0,0.0,0.0,0.0,0,0.0,0.0,0.0,0,0.0,0.0,0.0,0,0.0,0.0,0.0,0,0.0,0.0,0.0,0,0.0,0.0,0.0,0,0.0,0.0,0.0
Grid_272,G,19.11208,72.99,East Suburbs,8,4.1,72.09,1.4,0,0.0,0.0,0.0,0,0.0,0.0,0.0,4,3.76,24.21,2.2,2,4.03,8.86,0.3,30,4.78,492.34,1.5,4,4.02,25.88,1.4,0,0.0,0.0,0.0,2,3.77,8.28,1.9,0,0.0,0.0,0.0
Grid_273,G,19.11208,73.01,East Suburbs,0,0.0,0.0,0.0,0,0.0,0.0,0.0,0,0.0,0.0,0.0,0,0.0,0.0,0.0,0,0.0,0.0,0.0,0,0.0,0.0,0.0,0,0.0,0.0,0.0,0,0.0,0.0,0.0,0,0.0,0.0,0.0,0,0.0,0.0,0.0
Grid_274,G,19.11208,73.03,East Suburbs,4,3.92,25.21,0.5,0,0.0,0.0,0.0,0,0.0,0.0,0.0,0,0.0,0.0,0.0,0,0.0,0.0,0.0,0,0.0,0.0,0.0,0,0.0,0.0,0.0,6,4.13,48.19,5.7,0,0.0,0.0,0.0,0,0.0,0.0,0.0
Grid_275,G,19.11208,73.05,East Suburbs,0,0.0,0.0,0.0,0,0.0,0.0,0.0,0,0.0,0.0,0.0,0,0.0,0.0,0.0,0,0.0,0.0,0.0,0,0.0,0.0,0.0,0,0.0,0.0,0.0,0,0.0,0.0,0.0,0,0.0,0.0,0.0,0,0.0,0.0,0.0
Grid_276,G,19.11208,73.07,East Suburbs,0,0.0,0.0,0.0,0,0.0,0.0,0.0,0,0.0,0.0,0.0,0,0.0,0.0,0.0,0,0.0,0.0,0.0,0,0.0,0.0,0.0,0,0.0,0.0,0.0,0,0.0,0.0,0.0,0,0.0,0.0,0.0,0,0.0,0.0,0.0
Grid_277,G,19.11208,73.09,East Suburbs,0,0.0,0.0,0.0,0,0.0,0.0,0.0,0,0.0,0.0,0.0,0,0.0,0.0,0.0,0,0.0,0.0,0.0,0,0.0,0.0,0.0,0,0.0,0.0,0.0,0,0.0,0.0,0.0,0,0.0,0.0,0.0,0,0.0,0.0,0.0
Grid_278,G,19.11208,73.11,East Suburbs,0,0.0,0.0,0.0,0,0.0,0.0,0.0,0,0.0,0.0,0.0,0,0.0,0.0,0.0,0,0.0,0.0,0.0,0,0.0,0.0,0.0,0,0.0,0.0,0.0,0,0.0,0.0,0.0,0,0.0,0.0,0.0,0,0.0,0.0,0.0
Grid_279,G,19.11208,73.13,East Suburbs,0,0.0,0.0,0.0,0,0.0,0.0,0.0,0,0.0,0.0,0.0,0,0.0,0.0,0.0,0,0.0,0.0,0.0,0,0.0,0.0,0.0,0,0.0,0.0,0.0,0,0.0,0.0,0.0,0,0.0,0.0,0.0,0,0.0,0.0,0.0
Grid_280,G,19.11208,73.15,East Suburbs,0,0.0,0.0,0.0,0,0.0,0.0,0.0,0,0.0,0.0,0.0,0,0.0,0.0,0.0,0,0.0,0.0,0.0,0,0.0,0.0,0.0,0,0.0,0.0,0.0,0,0.0,0.0,0.0,0,0.0,0.0,0.0,0,0.0,0.0,0.0
Grid_281,G,19.12917,72.77,West Suburbs,0,0.0,0.0,0.0,0,0.0,0.0,0.0,0,0.0,0.0,0.0,0,0.0,0.0,0.0,0,0.0,0.0,0.0,0,0.0,0.0,0.0,0,0.0,0.0,0.0,0,0.0,0.0,0.0,0,0.0,0.0,0.0,0,0.0,0.0,0.0
Grid_282,G,19.12917,72.79,West Suburbs,0,0.0,0.0,0.0,0,0.0,0.0,0.0,0,0.0,0.0,0.0,0,0.0,0.0,0.0,0,0.0,0.0,0.0,0,0.0,0.0,0.0,0,0.0,0.0,0.0,0,0.0,0.0,0.0,0,0.0,0.0,0.0,0,0.0,0.0,0.0
Grid_283,G,19.12917,72.81,West Suburbs,62,4.45,1141.94,22.5,52,4.22,870.95,32.5,16,4.53,205.14,100.0,24,4.3,332.51,29.9,32,4.28,479.1,17.4,216,4.25,4944.14,14.6,10,4.14,99.29,5.5,2,4.1,9.0,1.1,10,4.08,97.94,22.5,0,0.0,0.0,0.0
Grid_284,G,19.12917,72.83,West Suburbs,120,4.46,2568.43,50.7,46,4.74,840.12,31.3,10,4.28,102.7,50.1,50,4.43,871.04,78.4,50,4.37,859.83,31.3,494,4.64,14233.51,42.1,24,4.3,332.43,18.4,20,4.44,270.62,31.9,18,4.3,227.74,52.3,0,0.0,0.0,0.0
Grid_285,G,19.12917,72.85,West Suburbs,0,0.0,0.0,0.0,0,0.0,0.0,0.0,0,0.0,0.0,0.0,0,0.0,0.0,0.0,0,0.0,0.0,0.0,0,0.0,0.0,0.0,0,0.0,0.0,0.0,0,0.0,0.0,0.0,0,0.0,0.0,0.0,0,0.0,0.0,0.0
Grid_286,G,19.12917,72.87,West Suburbs,18,4.58,242.86,4.8,6,4.02,46.93,1.8,0,0.0,0.0,0.0,0,0.0,0.0,0.0,0,0.0,0.0,0.0,20,4.65,283.33,0.8,8,4.21,74.02,4.1,4,4.28,27.57,3.2,0,0.0,0.0,0.0,0,0.0,0.0,0.0
Grid_287,G,19.12917,72.89,West Suburbs,0,0.0,0.0,0.0,0,0.0,0.0,0.0,0,0.0,0.0,0.0,0,0.0,0.0,0.0,0,0.0,0.0,0.0,0,0.0,0.0,0.0,0,0.0,0.0,0.0,0,0.0,0.0,0.0,0,0.0,0.0,0.0,0,0.0,0.0,0.0
Grid_288,G,19.12917,72.91,East Suburbs,84,4.69,1750.75,34.6,30,4.79,493.23,18.4,8,4.35,76.38,37.2,20,4.49,273.65,24.6,54,4.75,1027.77,37.4,470,4.72,13652.11,40.4,12,4.7,144.6,8.0,40,4.26,632.23,74.5,20,4.75,289.03,66.3,0,0.0,0.0,0.0
Grid_289,G,19.12917,72.93,East Suburbs,0,0.0,0.0,0.0,0,0.0,0.0,0.0,0,0.0,0.0,0.0,0,0.0,0.0,0.0,0,0.0,0.0,0.0,0,0.0,0.0,0.0,0,0.0,0.0,0.0,0,0.0,0.0,0.0,0,0.0,0.0,0.0,0,0.0,0.0,0.0
Grid_290,G,19.12917,72.95,East Suburbs,6,4.37,50.98,1.0,0,0.0,0.0,0.0,0,0.0,0.0,0.0,0,0.0,0.0,0.0,0,0.0,0.0,0.0,2,3.61,7.93,0.0,2,3.84,8.44,0.5,0,0.0,0.0,0.0,0,0.0,0.0,0.0,0,0.0,0.0,0.0
Grid_291,G,19.12917,72.97,East Suburbs,0,0.0,0.0,0.0,0,0.0,0.0,0.0,0,0.0,0.0,0.0,0,0.0,0.0,0.0,0,0.0,0.0,0.0,0,0.0,0.0,0.0,0,0.0,0.0,0.0,0,0.0,0.0,0.0,0,0.0,0.0,0.0,0,0.0,0.0,0.0
Grid_292,G,19.12917,72.99,East Suburbs,2,4.14,9.1,0.2,0,0.0,0.0,0.0,0,0.0,0.0,0.0,4,3.87,24.91,2.2,2,3.69,8.11,0.3,30,4.58,472.01,1.4,0,0.0,0.0,0.0,0,0.0,0.0,0.0,2,4.11,9.04,2.1,0,0.0,0.0,0.0
Grid_293,G,19.12917,73.01,East Suburbs,0,0.0,0.0,0.0,0,0.0,0.0,0.0,0,0.0,0.0,0.0,0,0.0,0.0,0.0,0,0.0,0.0,0.0,8,4.39,77.17,0.2,0,0.0,0.0,0.0,2,4.08,8.97,1.1,0,0.0,0.0,0.0,0,0.0,0.0,0.0
Grid_294,G,19.12917,73.03,East Suburbs,0,0.0,0.0,0.0,0,0.0,0.0,0.0,0,0.0,0.0,0.0,0,0.0,0.0,0.0,0,0.0,0.0,0.0,0,0.0,0.0,0.0,0,0.0,0.0,0.0,0,0.0,0.0,0.0,0,0.0,0.0,0.0,0,0.0,0.0,0.0
Grid_295,G,19.12917,73.05,East Suburbs,0,0.0,0.0,0.0,0,0.0,0.0,0.0,0,0.0,0.0,0.0,0,0.0,0.0,0.0,0,0.0,0.0,0.0,0,0.0,0.0,0.0,0,0.0,0.0,0.0,0,0.0,0.0,0.0,0,0.0,0.0,0.0,0,0.0,0.0,0.0
Grid_296,G,19.12917,73.07,East Suburbs,0,0.0,0.0,0.0,0,0.0,0.0,0.0,0,0.0,0.0,0.0,0,0.0,0.0,0.0,0,0.0,0.0,0.0,0,0.0,0.0,0.0,0,0.0,0.0,0.0,0,0.0,0.0,0.0,0,0.0,0.0,0.0,0,0.0,0.0,0.0
Grid_297,G,19.12917,73.09,East Suburbs,0,0.0,0.0,0.0,0,0.0,0.0,0.0,0,0.0,0.0,0.0,0,0.0,0.0,0.0,0,0.0,0.0,0.0,0,0.0,0.0,0.0,0,0.0,0.0,0.0,0,0.0,0.0,0.0,0,0.0,0.0,0.0,0,0.0,0.0,0.0
Grid_298,G,19.12917,73.11,East Suburbs,0,0.0,0.0,0.0,0,0.0,0.0,0.0,0,0.0,0.0,0.0,0,0.0,0.0,0.0,0,0.0,0.0,0.0,0,0.0,0.0,0.0,0,0.0,0.0,0.0,0,0.0,0.0,0.0,0,0.0,0.0,0.0,0,0.0,0.0,0.0
Grid_299,G,19.12917,73.13,East Suburbs,0,0.0,0.0,0.0,0,0.0,0.0,0.0,0,0.0,0.0,0.0,0,0.0,0.0,0.0,0,0.0,0.0,0.0,0,0.0,0.0,0.0,0,0.0,0.0,0.0,0,0.0,0.0,0.0,0,0.0,0.0,0.0,0,0.0,0.0,0.0
Grid_300,G,19.12917,73.15,East Suburbs,0,0.0,0.0,0.0,0,0.0,0.0,0.0,0,0.0,0.0,0.0,0,0.0,0.0,0.0,0,0.0,0.0,0.0,0,0.0,0.0,0.0,0,0.0,0.0,0.0,0,0.0,0.0,0.0,0,0.0,0.0,0.0,0,0.0,0.0,0.0
Grid_301,G,19.14625,72.77,West Suburbs,0,0.0,0.0,0.0,0,0.0,0.0,0.0,0,0.0,0.0,0.0,0,0.0,0.0,0.0,0,0.0,0.0,0.0,0,0.0,0.0,0.0,0,0.0,0.0,0.0,0,0.0,0.0,0.0,0,0.0,0.0,0.0,0,0.0,0.0,0.0
Grid_302,G,19.14625,72.79,West Suburbs,0,0.0,0.0,0.0,0,0.0,0.0,0.0,0,0.0,0.0,0.0,0,0.0,0.0,0.0,0,0.0,0.0,0.0,0,0.0,0.0,0.0,0,0.0,0.0,0.0,8,4.36,76.59,9.0,0,0.0,0.0,0.0,0,0.0,0.0,0.0
Grid_303,G,19.14625,72.81,West Suburbs,0,0.0,0.0,0.0,0,0.0,0.0,0.0,0,0.0,0.0,0.0,0,0.0,0.0,0.0,0,0.0,0.0,0.0,0,0.0,0.0,0.0,0,0.0,0.0,0.0,0,0.0,0.0,0.0,0,0.0,0.0,0.0,0,0.0,0.0,0.0
Grid_304,G,19.14625,72.83,West Suburbs,0,0.0,0.0,0.0,0,0.0,0.0,0.0,0,0.0,0.0,0.0,0,0.0,0.0,0.0,0,0.0,0.0,0.0,0,0.0,0.0,0.0,0,0.0,0.0,0.0,0,0.0,0.0,0.0,0,0.0,0.0,0.0,0,0.0,0.0,0.0
Grid_305,G,19.14625,72.85,West Suburbs,0,0.0,0.0,0.0,0,0.0,0.0,0.0,0,0.0,0.0,0.0,0,0.0,0.0,0.0,0,0.0,0.0,0.0,0,0.0,0.0,0.0,0,0.0,0.0,0.0,0,0.0,0.0,0.0,0,0.0,0.0,0.0,0,0.0,0.0,0.0
Grid_306,G,19.14625,72.87,West Suburbs,0,0.0,0.0,0.0,4,3.93,25.29,0.9,2,3.67,8.07,3.9,0,0.0,0.0,0.0,0,0.0,0.0,0.0,6,4.01,46.79,0.1,4,3.94,25.38,1.4,4,3.74,24.07,2.8,0,0.0,0.0,0.0,0,0.0,0.0,0.0
Grid_307,G,19.14625,72.89,West Suburbs,0,0.0,0.0,0.0,0,0.0,0.0,0.0,0,0.0,0.0,0.0,0,0.0,0.0,0.0,0,0.0,0.0,0.0,0,0.0,0.0,0.0,0,0.0,0.0,0.0,0,0.0,0.0,0.0,0,0.0,0.0,0.0,0,0.0,0.0,0.0
Grid_308,G,19.14625,72.91,East Suburbs,0,0.0,0.0,0.0,0,0.0,0.0,0.0,0,0.0,0.0,0.0,0,0.0,0.0,0.0,0,0.0,0.0,0.0,0,0.0,0.0,0.0,0,0.0,0.0,0.0,0,0.0,0.0,0.0,0,0.0,0.0,0.0,0,0.0,0.0,0.0
Grid_309,G,19.14625,72.93,East Suburbs,0,0.0,0.0,0.0,0,0.0,0.0,0.0,0,0.0,0.0,0.0,0,0.0,0.0,0.0,0,0.0,0.0,0.0,0,0.0,0.0,0.0,0,0.0,0.0,0.0,0,0.0,0.0,0.0,0,0.0,0.0,0.0,0,0.0,0.0,0.0
Grid_310,G,19.14625,72.95,East Suburbs,0,0.0,0.0,0.0,6,4.29,50.12,1.9,0,0.0,0.0,0.0,2,3.7,8.12,0.7,0,0.0,0.0,0.0,8,4.01,70.45,0.2,4,4.02,25.9,1.4,0,0.0,0.0,0.0,0,0.0,0.0,0.0,0,0.0,0.0,0.0
Grid_311,G,19.14625,72.97,East Suburbs,0,0.0,0.0,0.0,0,0.0,0.0,0.0,0,0.0,0.0,0.0,0,0.0,0.0,0.0,0,0.0,0.0,0.0,0,0.0,0.0,0.0,0,0.0,0.0,0.0,0,0.0,0.0,0.0,0,0.0,0.0,0.0,0,0.0,0.0,0.0
Grid_312,G,19.14625,72.99,East Suburbs,18,4.26,225.78,4.5,2,4.03,8.85,0.3,6,4.2,49.01,23.9,4,4.14,26.65,2.4,8,4.16,73.04,2.7,88,4.73,1870.26,5.5,10,4.32,103.58,5.7,2,4.09,8.98,1.1,6,4.3,50.15,11.5,0,0.0,0.0,0.0
Grid_313,G,19.14625,73.01,East Suburbs,0,0.0,0.0,0.0,0,0.0,0.0,0.0,0,0.0,0.0,0.0,0,0.0,0.0,0.0,0,0.0,0.0,0.0,0,0.0,0.0,0.0,0,0.0,0.0,0.0,0,0.0,0.0,0.0,0,0.0,0.0,0.0,0,0.0,0.0,0.0
Grid_314,G,19.14625,73.03,East Suburbs,6,3.87,45.15,0.9,0,0.0,0.0,0.0,0,0.0,0.0,0.0,0,0.0,0.0,0.0,0,0.0,0.0,0.0,2,3.87,8.5,0.0,4,4.1,26.42,1.5,0,0.0,0.0,0.0,0,0.0,0.0,0.0,0,0.0,0.0,0.0
Grid_315,G,19.14625,73.05,East Suburbs,0,0.0,0.0,0.0,0,0.0,0.0,0.0,0,0.0,0.0,0.0,0,0.0,0.0,0.0,0,0.0,0.0,0.0,0,0.0,0.0,0.0,0,0.0,0.0,0.0,0,0.0,0.0,0.0,0,0.0,0.0,0.0,0,0.0,0.0,0.0
Grid_316,G,19.14625,73.07,East Suburbs,2,3.94,8.65,0.2,0,0.0,0.0,0.0,2,4.03,8.85,4.3,0,0.0,0.0,0.0,0,0.0,0.0,0.0,2,4.06,8.93,0.0,2,3.61,7.94,0.4,0,0.0,0.0,0.0,0,0.0,0.0,0.0,0,0.0,0.0,0.0
Grid_317,G,19.14625,73.09,East Suburbs,0,0.0,0.0,0.0,0,0.0,0.0,0.0,0,0.0,0.0,0.0,0,0.0,0.0,0.0,0,0.0,0.0,0.0,0,0.0,0.0,0.0,0,0.0,0.0,0.0,0,0.0,0.0,0.0,0,0.0,0.0,0.0,0,0.0,0.0,0.0
Grid_318,G,19.14625,73.11,East Suburbs,0,0.0,0.0,0.0,0,0.0,0.0,0.0,0,0.0,0.0,0.0,0,0.0,0.0,0.0,0,0.0,0.0,0.0,0,0.0,0.0,0.0,0,0.0,0.0,0.0,0,0.0,0.0,0.0,0,0.0,0.0,0.0,0,0.0,0.0,0.0
Grid_319,G,19.14625,73.13,East Suburbs,0,0.0,0.0,0.0,0,0.0,0.0,0.0,0,0.0,0.0,0.0,0,0.0,0.0,0.0,0,0.0,0.0,0.0,0,0.0,0.0,0.0,0,0.0,0.0,0.0,0,0.0,0.0,0.0,0,0.0,0.0,0.0,0,0.0,0.0,0.0
Grid_320,G,19.14625,73.15,East Suburbs,0,0.0,0.0,0.0,0,0.0,0.0,0.0,0,0.0,0.0,0.0,0,0.0,0.0,0.0,0,0.0,0.0,0.0,0,0.0,0.0,0.0,0,0.0,0.0,0.0,0,0.0,0.0,0.0,0,0.0,0.0,0.0,0,0.0,0.0,0.0
Grid_321,G,19.16333,72.77,North Suburbs,0,0.0,0.0,0.0,0,0.0,0.0,0.0,0,0.0,0.0,0.0,0,0.0,0.0,0.0,0,0.0,0.0,0.0,0,0.0,0.0,0.0,0,0.0,0.0,0.0,0,0.0,0.0,0.0,0,0.0,0.0,0.0,0,0.0,0.0,0.0
Grid_322,G,19.16333,72.79,North Suburbs,0,0.0,0.0,0.0,0,0.0,0.0,0.0,0,0.0,0.0,0.0,0,0.0,0.0,0.0,0,0.0,0.0,0.0,0,0.0,0.0,0.0,0,0.0,0.0,0.0,0,0.0,0.0,0.0,0,0.0,0.0,0.0,0,0.0,0.0,0.0
Grid_323,G,19.16333,72.81,North Suburbs,0,0.0,0.0,0.0,0,0.0,0.0,0.0,0,0.0,0.0,0.0,0,0.0,0.0,0.0,0,0.0,0.0,0.0,0,0.0,0.0,0.0,0,0.0,0.0,0.0,0,0.0,0.0,0.0,0,0.0,0.0,0.0,0,0.0,0.0,0.0
Grid_324,G,19.16333,72.83,North Suburbs,0,0.0,0.0,0.0,0,0.0,0.0,0.0,0,0.0,0.0,0.0,0,0.0,0.0,0.0,0,0.0,0.0,0.0,0,0.0,0.0,0.0,0,0.0,0.0,0.0,0,0.0,0.0,0.0,0,0.0,0.0,0.0,0,0.0,0.0,0.0
Grid_325,G,19.16333,72.85,North Suburbs,18,4.77,253.06,5.0,6,3.83,44.7,1.7,0,0.0,0.0,0.0,0,0.0,0.0,0.0,0,0.0,0.0,0.0,34,4.77,576.39,1.7,14,4.78,181.08,10.0,8,4.42,77.66,9.2,0,0.0,0.0,0.0,0,0.0,0.0,0.0
Grid_326,G,19.16333,72.87,North Suburbs,0,0.0,0.0,0.0,0,0.0,0.0,0.0,0,0.0,0.0,0.0,0,0.0,0.0,0.0,0,0.0,0.0,0.0,0,0.0,0.0,0.0,0,0.0,0.0,0.0,0,0.0,0.0,0.0,0,0.0,0.0,0.0,0,0.0,0.0,0.0
Grid_327,G,19.16333,72.89,North Suburbs,0,0.0,0.0,0.0,0,0.0,0.0,0.0,0,0.0,0.0,0.0,0,0.0,0.0,0.0,0,0.0,0.0,0.0,0,0.0,0.0,0.0,0,0.0,0.0,0.0,0,0.0,0.0,0.0,0,0.0,0.0,0.0,0,0.0,0.0,0.0
Grid_328,G,19.16333,72.91,North Suburbs,0,0.0,0.0,0.0,0,0.0,0.0,0.0,0,0.0,0.0,0.0,0,0.0,0.0,0.0,0,0.0,0.0,0.0,0,0.0,0.0,0.0,0,0.0,0.0,0.0,0,0.0,0.0,0.0,0,0.0,0.0,0.0,0,0.0,0.0,0.0
Grid_329,G,19.16333,72.93,North Suburbs,0,0.0,0.0,0.0,0,0.0,0.0,0.0,0,0.0,0.0,0.0,0,0.0,0.0,0.0,0,0.0,0.0,0.0,0,0.0,0.0,0.0,0,0.0,0.0,0.0,0,0.0,0.0,0.0,0,0.0,0.0,0.0,0,0.0,0.0,0.0
Grid_330,G,19.16333,72.95,North Suburbs,74,4.71,1506.31,29.7,40,4.66,691.88,25.8,8,4.37,76.8,37.4,14,4.31,163.42,14.7,12,4.27,131.37,4.8,194,4.44,4541.32,13.4,42,4.26,673.47,37.3,0,0.0,0.0,0.0,10,4.14,99.22,22.8,0,0.0,0.0,0.0
Grid_331,G,19.16333,72.97,North Suburbs,0,0.0,0.0,0.0,0,0.0,0.0,0.0,0,0.0,0.0,0.0,0,0.0,0.0,0.0,0,0.0,0.0,0.0,0,0.0,0.0,0.0,0,0.0,0.0,0.0,0,0.0,0.0,0.0,0,0.0,0.0,0.0,0,0.0,0.0,0.0
Grid_332,G,19.16333,72.99,North Suburbs,18,4.72,250.32,4.9,6,3.98,46.42,1.7,2,4.09,8.99,4.4,0,0.0,0.0,0.0,0,0.0,0.0,0.0,26,4.33,370.71,1.1,8,4.41,77.49,4.3,2,3.75,8.24,1.0,2,3.97,8.73,2.0,0,0.0,0.0,0.0
Grid_333,G,19.16333,73.01,North Suburbs,0,0.0,0.0,0.0,0,0.0,0.0,0.0,0,0.0,0.0,0.0,0,0.0,0.0,0.0,0,0.0,0.0,0.0,0,0.0,0.0,0.0,0,0.0,0.0,0.0,0,0.0,0.0,0.0,0,0.0,0.0,0.0,0,0.0,0.0,0.0
Grid_334,G,19.16333,73.03,North Suburbs,0,0.0,0.0,0.0,0,0.0,0.0,0.0,0,0.0,0.0,0.0,0,0.0,0.0,0.0,0,0.0,0.0,0.0,0,0.0,0.0,0.0,0,0.0,0.0,0.0,0,0.0,0.0,0.0,0,0.0,0.0,0.0,0,0.0,0.0,0.0
Grid_335,G,19.16333,73.05,North Suburbs,0,0.0,0.0,0.0,0,0.0,0.0,0.0,0,0.0,0.0,0.0,0,0.0,0.0,0.0,0,0.0,0.0,0.0,0,0.0,0.0,0.0,0,0.0,0.0,0.0,0,0.0,0.0,0.0,0,0.0,0.0,0.0,0,0.0,0.0,0.0
Grid_336,G,19.16333,73.07,North Suburbs,2,4.19,9.2,0.2,0,0.0,0.0,0.0,0,0.0,0.0,0.0,0,0.0,0.0,0.0,0,0.0,0.0,0.0,4,4.14,26.65,0.1,2,3.67,8.06,0.4,0,0.0,0.0,0.0,0,0.0,0.0,0.0,0,0.0,0.0,0.0
Grid_337,G,19.16333,73.09,North Suburbs,0,0.0,0.0,0.0,0,0.0,0.0,0.0,0,0.0,0.0,0.0,0,0.0,0.0,0.0,0,0.0,0.0,0.0,0,0.0,0.0,0.0,0,0.0,0.0,0.0,0,0.0,0.0,0.0,0,0.0,0.0,0.0,0,0.0,0.0,0.0
Grid_338,G,19.16333,73.11,North Suburbs,6,4.19,48.96,1.0,0,0.0,0.0,0.0,0,0.0,0.0,0.0,0,0.0,0.0,0.0,0,0.0,0.0,0.0,8,4.39,77.2,0.2,2,4.06,8.91,0.5,0,0.0,0.0,0.0,0,0.0,0.0,0.0,0,0.0,0.0,0.0
Grid_339,G,19.16333,73.13,North Suburbs,0,0.0,0.0,0.0,0,0.0,0.0,0.0,0,0.0,0.0,0.0,0,0.0,0.0,0.0,0,0.0,0.0,0.0,0,0.0,0.0,0.0,0,0.0,0.0,0.0,0,0.0,0.0,0.0,0,0.0,0.0,0.0,0,0.0,0.0,0.0
Grid_340,G,19.16333,73.15,North Suburbs,0,0.0,0.0,0.0,0,0.0,0.0,0.0,0,0.0,0.0,0.0,0,0.0,0.0,0.0,0,0.0,0.0,0.0,0,0.0,0.0,0.0,0,0.0,0.0,0.0,0,0.0,0.0,0.0,0,0.0,0.0,0.0,0,0.0,0.0,0.0
Grid_341,G,19.18042,72.77,North Suburbs,0,0.0,0.0,0.0,0,0.0,0.0,0.0,0,0.0,0.0,0.0,0,0.0,0.0,0.0,0,0.0,0.0,0.0,0,0.0,0.0,0.0,0,0.0,0.0,0.0,0,0.0,0.0,0.0,0,0.0,0.0,0.0,0,0.0,0.0,0.0
Grid_342,G,19.18042,72.79,North Suburbs,0,0.0,0.0,0.0,0,0.0,0.0,0.0,0,0.0,0.0,0.0,0,0.0,0.0,0.0,0,0.0,0.0,0.0,0,0.0,0.0,0.0,0,0.0,0.0,0.0,4,3.8,24.45,2.9,0,0.0,0.0,0.0,0,0.0,0.0,0.0
Grid_343,G,19.18042,72.81,North Suburbs,0,0.0,0.0,0.0,0,0.0,0.0,0.0,0,0.0,0.0,0.0,0,0.0,0.0,0.0,0,0.0,0.0,0.0,0,0.0,0.0,0.0,0,0.0,0.0,0.0,0,0.0,0.0,0.0,0,0.0,0.0,0.0,0,0.0,0.0,0.0
Grid_344,G,19.18042,72.83,North Suburbs,8,4.34,76.35,1.5,6,4.12,48.16,1.8,2,3.61,7.94,3.9,0,0.0,0.0,0.0,0,0.0,0.0,0.0,20,4.75,289.19,0.9,10,4.14,99.35,5.5,2,4.16,9.14,1.1,0,0.0,0.0,0.0,0,0.0,0.0,0.0
Grid_345,G,19.18042,72.85,North Suburbs,0,0.0,0.0,0.0,0,0.0,0.0,0.0,0,0.0,0.0,0.0,0,0.0,0.0,0.0,0,0.0,0.0,0.0,0,0.0,0.0,0.0,0,0.0,0.0,0.0,0,0.0,0.0,0.0,0,0.0,0.0,0.0,0,0.0,0.0,0.0
Grid_346,G,19.18042,72.87,North Suburbs,6,4.36,50.88,1.0,8,4.25,74.74,2.8,6,3.98,46.47,22.7,0,0.0,0.0,0.0,0,0.0,0.0,0.0,14,4.54,172.26,0.5,14,4.64,175.93,9.7,4,3.81,24.51,2.9,0,0.0,0.0,0.0,0,0.0,0.0,0.0
Grid_347,G,19.18042,72.89,North Suburbs,0,0.0,0.0,0.0,0,0.0,0.0,0.0,0,0.0,0.0,0.0,0,0.0,0.0,0.0,0,0.0,0.0,0.0,0,0.0,0.0,0.0,0,0.0,0.0,0.0,0,0.0,0.0,0.0,0,0.0,0.0,0.0,0,0.0,0.0,0.0
Grid_348,G,19.18042,72.91,North Suburbs,0,0.0,0.0,0.0,0,0.0,0.0,0.0,0,0.0,0.0,0.0,0,0.0,0.0,0.0,0,0.0,0.0,0.0,0,0.0,0.0,0.0,0,0.0,0.0,0.0,0,0.0,0.0,0.0,0,0.0,0.0,0.0,0,0.0,0.0,0.0
Grid_349,G,19.18042,72.93,North Suburbs,8,4.5,79.09,1.6,4,4.16,26.8,1.0,0,0.0,0.0,0.0,0,0.0,0.0,0.0,4,3.83,24.64,0.9,68,4.39,1264.44,3.7,18,4.49,237.94,13.2,0,0.0,0.0,0.0,0,0.0,0.0,0.0,0,0.0,0.0,0.0
Grid_350,G,19.18042,72.95,North Suburbs,0,0.0,0.0,0.0,0,0.0,0.0,0.0,0,0.0,0.0,0.0,0,0.0,0.0,0.0,0,0.0,0.0,0.0,0,0.0,0.0,0.0,0,0.0,0.0,0.0,0,0.0,0.0,0.0,0,0.0,0.0,0.0,0,0.0,0.0,0.0
Grid_351,G,19.18042,72.97,North Suburbs,66,4.72,1309.21,25.8,18,4.56,241.43,9.0,10,4.06,97.34,47.5,2,3.74,8.22,0.7,6,3.97,46.3,1.7,102,4.33,2048.89,6.1,24,4.43,342.35,18.9,0,0.0,0.0,0.0,0,0.0,0.0,0.0,0,0.0,0.0,0.0
Grid_352,G,19.18042,72.99,North Suburbs,0,0.0,0.0,0.0,0,0.0,0.0,0.0,0,0.0,0.0,0.0,0,0.0,0.0,0.0,0,0.0,0.0,0.0,0,0.0,0.0,0.0,0,0.0,0.0,0.0,0,0.0,0.0,0.0,0,0.0,0.0,0.0,0,0.0,0.0,0.0
Grid_353,G,19.18042,73.01,North Suburbs,2,3.98,8.75,0.2,0,0.0,0.0,0.0,0,0.0,0.0,0.0,0,0.0,0.0,0.0,0,0.0,0.0,0.0,8,4.17,73.3,0.2,2,4.05,8.9,0.5,0,0.0,0.0,0.0,0,0.0,0.0,0.0,0,0.0,0.0,0.0
Grid_354,G,19.18042,73.03,North Suburbs,0,0.0,0.0,0.0,0,0.0,0.0,0.0,0,0.0,0.0,0.0,0,0.0,0.0,0.0,0,0.0,0.0,0.0,0,0.0,0.0,0.0,0,0.0,0.0,0.0,0,0.0,0.0,0.0,0,0.0,0.0,0.0,0,0.0,0.0,0.0
Grid_355,G,19.18042,73.05,North Suburbs,0,0.0,0.0,0.0,0,0.0,0.0,0.0,0,0.0,0.0,0.0,0,0.0,0.0,0.0,0,0.0,0.0,0.0,0,0.0,0.0,0.0,0,0.0,0.0,0.0,0,0.0,0.0,0.0,0,0.0,0.0,0.0,0,0.0,0.0,0.0
Grid_356,G,19.18042,73.07,North Suburbs,0,0.0,0.0,0.0,0,0.0,0.0,0.0,0,0.0,0.0,0.0,0,0.0,0.0,0.0,0,0.0,0.0,0.0,0,0.0,0.0,0.0,0,0.0,0.0,0.0,0,0.0,0.0,0.0,0,0.0,0.0,0.0,0,0.0,0.0,0.0
Grid_357,G,19.18042,73.09,North Suburbs,0,0.0,0.0,0.0,0,0.0,0.0,0.0,0,0.0,0.0,0.0,0,0.0,0.0,0.0,0,0.0,0.0,0.0,0,0.0,0.0,0.0,0,0.0,0.0,0.0,0,0.0,0.0,0.0,0,0.0,0.0,0.0,0,0.0,0.0,0.0
Grid_358,G,19.18042,73.11,North Suburbs,0,0.0,0.0,0.0,0,0.0,0.0,0.0,0,0.0,0.0,0.0,0,0.0,0.0,0.0,0,0.0,0.0,0.0,0,0.0,0.0,0.0,0,0.0,0.0,0.0,0,0.0,0.0,0.0,0,0.0,0.0,0.0,0,0.0,0.0,0.0
Grid_359,G,19.18042,73.13,North Suburbs,0,0.0,0.0,0.0,0,0.0,0.0,0.0,0,0.0,0.0,0.0,0,0.0,0.0,0.0,0,0.0,0.0,0.0,0,0.0,0.0,0.0,0,0.0,0.0,0.0,0,0.0,0.0,0.0,0,0.0,0.0,0.0,0,0.0,0.0,0.0
Grid_360,G,19.18042,73.15,North Suburbs,0,0.0,0.0,0.0,0,0.0,0.0,0.0,0,0.0,0.0,0.0,0,0.0,0.0,0.0,0,0.0,0.0,0.0,0,0.0,0.0,0.0,0,0.0,0.0,0.0,0,0.0,0.0,0.0,0,0.0,0.0,0.0,0,0.0,0.0,0.0
Grid_361,G,19.1975,72.77,North Suburbs,0,0.0,0.0,0.0,0,0.0,0.0,0.0,0,0.0,0.0,0.0,0,0.0,0.0,0.0,0,0.0,0.0,0.0,0,0.0,0.0,0.0,0,0.0,0.0,0.0,0,0.0,0.0,0.0,0,0.0,0.0,0.0,0,0.0,0.0,0.0
Grid_362,G,19.1975,72.79,North Suburbs,0,0.0,0.0,0.0,0,0.0,0.0,0.0,0,0.0,0.0,0.0,0,0.0,0.0,0.0,0,0.0,0.0,0.0,0,0.0,0.0,0.0,0,0.0,0.0,0.0,0,0.0,0.0,0.0,0,0.0,0.0,0.0,0,0.0,0.0,0.0
Grid_363,G,19.1975,72.81,North Suburbs,0,0.0,0.0,0.0,0,0.0,0.0,0.0,0,0.0,0.0,0.0,0,0.0,0.0,0.0,0,0.0,0.0,0.0,0,0.0,0.0,0.0,0,0.0,0.0,0.0,0,0.0,0.0,0.0,0,0.0,0.0,0.0,0,0.0,0.0,0.0
Grid_364,G,19.1975,72.83,North Suburbs,0,0.0,0.0,0.0,0,0.0,0.0,0.0,0,0.0,0.0,0.0,0,0.0,0.0,0.0,0,0.0,0.0,0.0,0,0.0,0.0,0.0,0,0.0,0.0,0.0,0,0.0,0.0,0.0,0,0.0,0.0,0.0,0,0.0,0.0,0.0
Grid_365,G,19.1975,72.85,North Suburbs,28,4.25,401.14,7.9,16,4.21,190.98,7.1,2,3.77,8.28,4.0,6,3.86,45.08,4.1,2,3.84,8.43,0.3,22,4.56,314.42,0.9,38,4.47,622.82,34.5,4,3.87,24.91,2.9,2,4.12,9.04,2.1,0,0.0,0.0,0.0
Grid_366,G,19.1975,72.87,North Suburbs,0,0.0,0.0,0.0,0,0.0,0.0,0.0,0,0.0,0.0,0.0,0,0.0,0.0,0.0,0,0.0,0.0,0.0,0,0.0,0.0,0.0,0,0.0,0.0,0.0,0,0.0,0.0,0.0,0,0.0,0.0,0.0,0,0.0,0.0,0.0
Grid_367,G,19.1975,72.89,North Suburbs,0,0.0,0.0,0.0,0,0.0,0.0,0.0,0,0.0,0.0,0.0,0,0.0,0.0,0.0,0,0.0,0.0,0.0,0,0.0,0.0,0.0,0,0.0,0.0,0.0,0,0.0,0.0,0.0,0,0.0,0.0,0.0,0,0.0,0.0,0.0
Grid_368,G,19.1975,72.91,North Suburbs,0,0.0,0.0,0.0,2,3.95,8.68,0.3,0,0.0,0.0,0.0,0,0.0,0.0,0.0,0,0.0,0.0,0.0,0,0.0,0.0,0.0,0,0.0,0.0,0.0,0,0.0,0.0,0.0,0,0.0,0.0,0.0,0,0.0,0.0,0.0
Grid_369,G,19.1975,72.93,North Suburbs,0,0.0,0.0,0.0,0,0.0,0.0,0.0,0,0.0,0.0,0.0,0,0.0,0.0,0.0,0,0.0,0.0,0.0,0,0.0,0.0,0.0,0,0.0,0.0,0.0,0,0.0,0.0,0.0,0,0.0,0.0,0.0,0,0.0,0.0,0.0
Grid_370,G,19.1975,72.95,North Suburbs,18,4.49,238.07,4.7,0,0.0,0.0,0.0,2,4.16,9.14,4.5,2,4.06,8.93,0.8,0,0.0,0.0,0.0,32,4.45,497.7,1.5,10,4.19,100.56,5.6,4,4.29,27.65,3.3,0,0.0,0.0,0.0,0,0.0,0.0,0.0
Grid_371,G,19.1975,72.97,North Suburbs,0,0.0,0.0,0.0,0,0.0,0.0,0.0,0,0.0,0.0,0.0,0,0.0,0.0,0.0,0,0.0,0.0,0.0,0,0.0,0.0,0.0,0,0.0,0.0,0.0,0,0.0,0.0,0.0,0,0.0,0.0,0.0,0,0.0,0.0,0.0
Grid_372,G,19.1975,72.99,North Suburbs,8,4.07,71.49,1.4,2,3.78,8.3,0.3,2,4.18,9.19,4.5,4,3.75,24.12,2.2,0,0.0,0.0,0.0,16,4.39,199.17,0.6,24,4.66,359.94,19.9,2,3.65,8.03,0.9,2,3.79,8.33,1.9,0,0.0,0.0,0.0
Grid_373,G,19.1975,73.01,North Suburbs,0,0.0,0.0,0.0,0,0.0,0.0,0.0,0,0.0,0.0,0.0,0,0.0,0.0,0.0,0,0.0,0.0,0.0,0,0.0,0.0,0.0,0,0.0,0.0,0.0,0,0.0,0.0,0.0,0,0.0,0.0,0.0,0,0.0,0.0,0.0
Grid_374,G,19.1975,73.03,North Suburbs,0,0.0,0.0,0.0,0,0.0,0.0,0.0,0,0.0,0.0,0.0,0,0.0,0.0,0.0,0,0.0,0.0,0.0,0,0.0,0.0,0.0,0,0.0,0.0,0.0,0,0.0,0.0,0.0,0,0.0,0.0,0.0,0,0.0,0.0,0.0
Grid_375,G,19.1975,73.05,North Suburbs,0,0.0,0.0,0.0,0,0.0,0.0,0.0,0,0.0,0.0,0.0,0,0.0,0.0,0.0,0,0.0,0.0,0.0,0,0.0,0.0,0.0,0,0.0,0.0,0.0,0,0.0,0.0,0.0,0,0.0,0.0,0.0,0,0.0,0.0,0.0
Grid_376,G,19.1975,73.07,North Suburbs,0,0.0,0.0,0.0,0,0.0,0.0,0.0,0,0.0,0.0,0.0,0,0.0,0.0,0.0,0,0.0,0.0,0.0,0,0.0,0.0,0.0,0,0.0,0.0,0.0,0,0.0,0.0,0.0,0,0.0,0.0,0.0,0,0.0,0.0,0.0
Grid_377,G,19.1975,73.09,North Suburbs,0,0.0,0.0,0.0,0,0.0,0.0,0.0,2,3.68,8.09,3.9,2,4.03,8.86,0.8,0,0.0,0.0,0.0,4,4.28,27.56,0.1,6,4.31,50.27,2.8,0,0.0,0.0,0.0,0,0.0,0.0,0.0,0,0.0,0.0,0.0
Grid_378,G,19.1975,73.11,North Suburbs,0,0.0,0.0,0.0,0,0.0,0.0,0.0,0,0.0,0.0,0.0,0,0.0,0.0,0.0,0,0.0,0.0,0.0,0,0.0,0.0,0.0,0,0.0,0.0,0.0,0,0.0,0.0,0.0,0,0.0,0.0,0.0,0,0.0,0.0,0.0
Grid_379,G,19.1975,73.13,North Suburbs,0,0.0,0.0,0.0,0,0.0,0.0,0.0,0,0.0,0.0,0.0,0,0.0,0.0,0.0,0,0.0,0.0,0.0,0,0.0,0.0,0.0,0,0.0,0.0,0.0,0,0.0,0.0,0.0,0,0.0,0.0,0.0,0,0.0,0.0,0.0
Grid_380,G,19.1975,73.15,North Suburbs,0,0.0,0.0,0.0,0,0.0,0.0,0.0,0,0.0,0.0,0.0,0,0.0,0.0,0.0,0,0.0,0.0,0.0,0,0.0,0.0,0.0,0,0.0,0.0,0.0,0,0.0,0.0,0.0,0,0.0,0.0,0.0,0,0.0,0.0,0.0
Grid_381,G,19.21458,72.77,North Suburbs,0,0.0,0.0,0.0,0,0.0,0.0,0.0,0,0.0,0.0,0.0,0,0.0,0.0,0.0,0,0.0,0.0,0.0,0,0.0,0.0,0.0,0,0.0,0.0,0.0,0,0.0,0.0,0.0,0,0.0,0.0,0.0,0,0.0,0.0,0.0
Grid_382,G,19.21458,72.79,North Suburbs,0,0.0,0.0,0.0,0,0.0,0.0,0.0,0,0.0,0.0,0.0,0,0.0,0.0,0.0,0,0.0,0.0,0.0,0,0.0,0.0,0.0,0,0.0,0.0,0.0,0,0.0,0.0,0.0,0,0.0,0.0,0.0,0,0.0,0.0,0.0
Grid_383,G,19.21458,72.81,North Suburbs,0,0.0,0.0,0.0,0,0.0,0.0,0.0,0,0.0,0.0,0.0,0,0.0,0.0,0.0,0,0.0,0.0,0.0,0,0.0,0.0,0.0,0,0.0,0.0,0.0,0,0.0,0.0,0.0,0,0.0,0.0,0.0,0,0.0,0.0,0.0
Grid_384,G,19.21458,72.83,North Suburbs,0,0.0,0.0,0.0,0,0.0,0.0,0.0,0,0.0,0.0,0.0,0,0.0,0.0,0.0,0,0.0,0.0,0.0,0,0.0,0.0,0.0,0,0.0,0.0,0.0,0,0.0,0.0,0.0,0,0.0,0.0,0.0,0,0.0,0.0,0.0
Grid_385,G,19.21458,72.85,North Suburbs,0,0.0,0.0,0.0,0,0.0,0.0,0.0,0,0.0,0.0,0.0,0,0.0,0.0,0.0,0,0.0,0.0,0.0,0,0.0,0.0,0.0,0,0.0,0.0,0.0,0,0.0,0.0,0.0,0,0.0,0.0,0.0,0,0.0,0.0,0.0
Grid_386,G,19.21458,72.87,North Suburbs,14,4.51,170.86,3.4,10,4.15,99.55,3.7,6,4.35,50.82,24.8,2,4.09,8.98,0.8,0,0.0,0.0,0.0,38,4.45,619.26,1.8,10,4.12,98.9,5.5,0,0.0,0.0,0.0,0,0.0,0.0,0.0,0,0.0,0.0,0.0
Grid_387,G,19.21458,72.89,North Suburbs,0,0.0,0.0,0.0,0,0.0,0.0,0.0,0,0.0,0.0,0.0,0,0.0,0.0,0.0,0,0.0,0.0,0.0,0,0.0,0.0,0.0,0,0.0,0.0,0.0,0,0.0,0.0,0.0,0,0.0,0.0,0.0,0,0.0,0.0,0.0
Grid_388,G,19.21458,72.91,North Suburbs,0,0.0,0.0,0.0,0,0.0,0.0,0.0,0,0.0,0.0,0.0,0,0.0,0.0,0.0,0,0.0,0.0,0.0,0,0.0,0.0,0.0,0,0.0,0.0,0.0,0,0.0,0.0,0.0,0,0.0,0.0,0.0,0,0.0,0.0,0.0
Grid_389,G,19.21458,72.93,North Suburbs,0,0.0,0.0,0.0,0,0.0,0.0,0.0,0,0.0,0.0,0.0,0,0.0,0.0,0.0,0,0.0,0.0,0.0,0,0.0,0.0,0.0,0,0.0,0.0,0.0,0,0.0,0.0,0.0,0,0.0,0.0,0.0,0,0.0,0.0,0.0
Grid_390,G,19.21458,72.95,North Suburbs,0,0.0,0.0,0.0,0,0.0,0.0,0.0,0,0.0,0.0,0.0,0,0.0,0.0,0.0,0,0.0,0.0,0.0,0,0.0,0.0,0.0,0,0.0,0.0,0.0,0,0.0,0.0,0.0,0,0.0,0.0,0.0,0,0.0,0.0,0.0
Grid_391,G,19.21458,72.97,North Suburbs,0,0.0,0.0,0.0,0,0.0,0.0,0.0,0,0.0,0.0,0.0,0,0.0,0.0,0.0,0,0.0,0.0,0.0,0,0.0,0.0,0.0,0,0.0,0.0,0.0,0,0.0,0.0,0.0,0,0.0,0.0,0.0,0,0.0,0.0,0.0
Grid_392,G,19.21458,72.99,North Suburbs,0,0.0,0.0,0.0,0,0.0,0.0,0.0,0,0.0,0.0,0.0,0,0.0,0.0,0.0,0,0.0,0.0,0.0,0,0.0,0.0,0.0,0,0.0,0.0,0.0,0,0.0,0.0,0.0,0,0.0,0.0,0.0,0,0.0,0.0,0.0
Grid_393,G,19.21458,73.01,North Suburbs,6,4.32,50.41,1.0,4,3.77,24.29,0.9,0,0.0,0.0,0.0,0,0.0,0.0,0.0,0,0.0,0.0,0.0,4,4.05,26.09,0.1,0,0.0,0.0,0.0,0,0.0,0.0,0.0,0,0.0,0.0,0.0,0,0.0,0.0,0.0
Grid_394,G,19.21458,73.03,North Suburbs,0,0.0,0.0,0.0,0,0.0,0.0,0.0,0,0.0,0.0,0.0,0,0.0,0.0,0.0,0,0.0,0.0,0.0,0,0.0,0.0,0.0,0,0.0,0.0,0.0,0,0.0,0.0,0.0,0,0.0,0.0,0.0,0,0.0,0.0,0.0
Grid_395,G,19.21458,73.05,North Suburbs,0,0.0,0.0,0.0,0,0.0,0.0,0.0,0,0.0,0.0,0.0,0,0.0,0.0,0.0,0,0.0,0.0,0.0,0,0.0,0.0,0.0,0,0.0,0.0,0.0,0,0.0,0.0,0.0,0,0.0,0.0,0.0,0,0.0,0.0,0.0
Grid_396,G,19.21458,73.07,North Suburbs,0,0.0,0.0,0.0,2,4.12,9.05,0.3,0,0.0,0.0,0.0,0,0.0,0.0,0.0,0,0.0,0.0,0.0,6,4.0,46.68,0.1,0,0.0,0.0,0.0,2,3.6,7.91,0.9,0,0.0,0.0,0.0,0,0.0,0.0,0.0
Grid_397,G,19.21458,73.09,North Suburbs,18,4.58,242.98,4.8,8,4.28,75.31,2.8,4,4.17,26.85,13.1,2,3.68,8.08,0.7,0,0.0,0.0,0.0,22,4.35,300.31,0.9,20,4.35,265.07,14.7,2,3.6,7.91,0.9,2,3.73,8.19,1.9,0,0.0,0.0,0.0
Grid_398,G,19.21458,73.11,North Suburbs,0,0.0,0.0,0.0,0,0.0,0.0,0.0,0,0.0,0.0,0.0,0,0.0,0.0,0.0,0,0.0,0.0,0.0,0,0.0,0.0,0.0,0,0.0,0.0,0.0,0,0.0,0.0,0.0,0,0.0,0.0,0.0,0,0.0,0.0,0.0
Grid_399,G,19.21458,73.13,North Suburbs,0,0.0,0.0,0.0,0,0.0,0.0,0.0,0,0.0,0.0,0.0,0,0.0,0.0,0.0,0,0.0,0.0,0.0,0,0.0,0.0,0.0,0,0.0,0.0,0.0,0,0.0,0.0,0.0,0,0.0,0.0,0.0,0,0.0,0.0,0.0
Grid_400,G,19.21458,73.15,North Suburbs,0,0.0,0.0,0.0,0,0.0,0.0,0.0,0,0.0,0.0,0.0,0,0.0,0.0,0.0,0,0.0,0.0,0.0,0,0.0,0.0,0.0,0,0.0,0.0,0.0,0,0.0,0.0,0.0,0,0.0,0.0,0.0,0,0.0,0.0,0.0
Grid_401,G,19.23167,72.77,North Suburbs,0,0.0,0.0,0.0,0,0.0,0.0,0.0,0,0.0,0.0,0.0,0,0.0,0.0,0.0,0,0.0,0.0,0.0,0,0.0,0.0,0.0,0,0.0,0.0,0.0,0,0.0,0.0,0.0,0,0.0,0.0,0.0,0,0.0,0.0,0.0
Grid_402,G,19.23167,72.79,North Suburbs,0,0.0,0.0,0.0,0,0.0,0.0,0.0,0,0.0,0.0,0.0,0,0.0,0.0,0.0,0,0.0,0.0,0.0,0,0.0,0.0,0.0,0,0.0,0.0,0.0,0,0.0,0.0,0.0,0,0.0,0.0,0.0,0,0.0,0.0,0.0
Grid_403,G,19.23167,72.81,North Suburbs,4,3.77,24.25,0.5,2,3.82,8.38,0.3,0,0.0,0.0,0.0,0,0.0,0.0,0.0,0,0.0,0.0,0.0,2,3.93,8.63,0.0,0,0.0,0.0,0.0,0,0.0,0.0,0.0,0,0.0,0.0,0.0,0,0.0,0.0,0.0
Grid_404,G,19.23167,72.83,North Suburbs,0,0.0,0.0,0.0,0,0.0,0.0,0.0,0,0.0,0.0,0.0,0,0.0,0.0,0.0,0,0.0,0.0,0.0,0,0.0,0.0,0.0,0,0.0,0.0,0.0,0,0.0,0.0,0.0,0,0.0,0.0,0.0,0,0.0,0.0,0.0
Grid_405,G,19.23167,72.85,North Suburbs,28,4.28,403.62,8.0,12,4.46,137.33,5.1,8,4.19,73.63,35.9,6,4.32,50.38,4.5,4,4.14,26.67,1.0,82,4.4,1593.1,4.7,24,4.57,353.28,19.5,4,3.86,24.83,2.9,2,3.97,8.71,2.0,0,0.0,0.0,0.0
Grid_406,G,19.23167,72.87,North Suburbs,2,3.67,8.05,0.2,2,3.63,7.98,0.3,6,4.32,50.49,24.6,0,0.0,0.0,0.0,0,0.0,0.0,0.0,28,4.29,404.38,1.2,4,3.97,25.53,1.4,2,4.12,9.04,1.1,0,0.0,0.0,0.0,0,0.0,0.0,0.0
Grid_407,G,19.23167,72.89,North Suburbs,0,0.0,0.0,0.0,0,0.0,0.0,0.0,0,0.0,0.0,0.0,0,0.0,0.0,0.0,0,0.0,0.0,0.0,0,0.0,0.0,0.0,0,0.0,0.0,0.0,0,0.0,0.0,0.0,0,0.0,0.0,0.0,0,0.0,0.0,0.0
Grid_408,G,19.23167,72.91,North Suburbs,0,0.0,0.0,0.0,0,0.0,0.0,0.0,0,0.0,0.0,0.0,0,0.0,0.0,0.0,0,0.0,0.0,0.0,0,0.0,0.0,0.0,0,0.0,0.0,0.0,0,0.0,0.0,0.0,0,0.0,0.0,0.0,0,0.0,0.0,0.0
Grid_409,G,19.23167,72.93,North Suburbs,0,0.0,0.0,0.0,0,0.0,0.0,0.0,0,0.0,0.0,0.0,0,0.0,0.0,0.0,0,0.0,0.0,0.0,0,0.0,0.0,0.0,0,0.0,0.0,0.0,0,0.0,0.0,0.0,0,0.0,0.0,0.0,0,0.0,0.0,0.0
Grid_410,G,19.23167,72.95,North Suburbs,0,0.0,0.0,0.0,0,0.0,0.0,0.0,0,0.0,0.0,0.0,0,0.0,0.0,0.0,0,0.0,0.0,0.0,0,0.0,0.0,0.0,0,0.0,0.0,0.0,0,0.0,0.0,0.0,0,0.0,0.0,0.0,0,0.0,0.0,0.0
Grid_411,G,19.23167,72.97,North Suburbs,48,4.39,820.86,16.2,16,4.37,198.2,7.4,12,4.5,138.51,67.5,8,4.04,70.94,6.4,46,4.79,849.13,30.9,358,4.45,9369.51,27.7,26,4.73,405.38,22.4,8,4.33,76.13,9.0,12,4.43,136.32,31.3,0,0.0,0.0,0.0
Grid_412,G,19.23167,72.99,North Suburbs,0,0.0,0.0,0.0,0,0.0,0.0,0.0,0,0.0,0.0,0.0,0,0.0,0.0,0.0,0,0.0,0.0,0.0,0,0.0,0.0,0.0,0,0.0,0.0,0.0,0,0.0,0.0,0.0,0,0.0,0.0,0.0,0,0.0,0.0,0.0
Grid_413,G,19.23167,73.01,North Suburbs,0,0.0,0.0,0.0,0,0.0,0.0,0.0,0,0.0,0.0,0.0,0,0.0,0.0,0.0,0,0.0,0.0,0.0,0,0.0,0.0,0.0,0,0.0,0.0,0.0,0,0.0,0.0,0.0,0,0.0,0.0,0.0,0,0.0,0.0,0.0
Grid_414,G,19.23167,73.03,North Suburbs,0,0.0,0.0,0.0,0,0.0,0.0,0.0,0,0.0,0.0,0.0,0,0.0,0.0,0.0,0,0.0,0.0,0.0,0,0.0,0.0,0.0,0,0.0,0.0,0.0,0,0.0,0.0,0.0,0,0.0,0.0,0.0,0,0.0,0.0,0.0
Grid_415,G,19.23167,73.05,North Suburbs,0,0.0,0.0,0.0,0,0.0,0.0,0.0,0,0.0,0.0,0.0,0,0.0,0.0,0.0,0,0.0,0.0,0.0,0,0.0,0.0,0.0,0,0.0,0.0,0.0,0,0.0,0.0,0.0,0,0.0,0.0,0.0,0,0.0,0.0,0.0
Grid_416,G,19.23167,73.07,North Suburbs,0,0.0,0.0,0.0,0,0.0,0.0,0.0,0,0.0,0.0,0.0,0,0.0,0.0,0.0,0,0.0,0.0,0.0,8,4.16,73.21,0.2,0,0.0,0.0,0.0,4,4.13,26.57,3.1,0,0.0,0.0,0.0,0,0.0,0.0,0.0
Grid_417,G,19.23167,73.09,North Suburbs,0,0.0,0.0,0.0,0,0.0,0.0,0.0,0,0.0,0.0,0.0,0,0.0,0.0,0.0,0,0.0,0.0,0.0,0,0.0,0.0,0.0,0,0.0,0.0,0.0,0,0.0,0.0,0.0,0,0.0,0.0,0.0,0,0.0,0.0,0.0
Grid_418,G,19.23167,73.11,North Suburbs,0,0.0,0.0,0.0,0,0.0,0.0,0.0,2,3.69,8.11,4.0,0,0.0,0.0,0.0,0,0.0,0.0,0.0,4,4.21,27.1,0.1,0,0.0,0.0,0.0,0,0.0,0.0,0.0,0,0.0,0.0,0.0,0,0.0,0.0,0.0
Grid_419,G,19.23167,73.13,North Suburbs,0,0.0,0.0,0.0,0,0.0,0.0,0.0,0,0.0,0.0,0.0,0,0.0,0.0,0.0,0,0.0,0.0,0.0,0,0.0,0.0,0.0,0,0.0,0.0,0.0,0,0.0,0.0,0.0,0,0.0,0.0,0.0,0,0.0,0.0,0.0
Grid_420,G,19.23167,73.15,North Suburbs,0,0.0,0.0,0.0,2,3.94,8.65,0.3,0,0.0,0.0,0.0,0,0.0,0.0,0.0,0,0.0,0.0,0.0,2,4.12,9.04,0.0,0,0.0,0.0,0.0,0,0.0,0.0,0.0,0,0.0,0.0,0.0,0,0.0,0.0,0.0
Grid_421,G,19.24875,72.77,North Suburbs,0,0.0,0.0,0.0,0,0.0,0.0,0.0,0,0.0,0.0,0.0,0,0.0,0.0,0.0,0,0.0,0.0,0.0,0,0.0,0.0,0.0,0,0.0,0.0,0.0,0,0.0,0.0,0.0,0,0.0,0.0,0.0,0,0.0,0.0,0.0
Grid_422,G,19.24875,72.79,North Suburbs,0,0.0,0.0,0.0,0,0.0,0.0,0.0,0,0.0,0.0,0.0,0,0.0,0.0,0.0,0,0.0,0.0,0.0,0,0.0,0.0,0.0,0,0.0,0.0,0.0,0,0.0,0.0,0.0,0,0.0,0.0,0.0,0,0.0,0.0,0.0
Grid_423,G,19.24875,72.81,North Suburbs,0,0.0,0.0,0.0,0,0.0,0.0,0.0,0,0.0,0.0,0.0,0,0.0,0.0,0.0,0,0.0,0.0,0.0,0,0.0,0.0,0.0,0,0.0,0.0,0.0,0,0.0,0.0,0.0,0,0.0,0.0,0.0,0,0.0,0.0,0.0
Grid_424,G,19.24875,72.83,North Suburbs,0,0.0,0.0,0.0,0,0.0,0.0,0.0,0,0.0,0.0,0.0,0,0.0,0.0,0.0,0,0.0,0.0,0.0,0,0.0,0.0,0.0,0,0.0,0.0,0.0,0,0.0,0.0,0.0,0,0.0,0.0,0.0,0,0.0,0.0,0.0
Grid_425,G,19.24875,72.85,North Suburbs,28,4.64,437.34,8.6,12,4.12,126.78,4.7,2,4.02,8.83,4.3,0,0.0,0.0,0.0,6,3.82,44.55,1.6,48,4.26,796.11,2.4,12,4.66,143.4,7.9,0,0.0,0.0,0.0,6,3.89,45.41,10.4,0,0.0,0.0,0.0
Grid_426,G,19.24875,72.87,North Suburbs,2,4.18,9.19,0.2,2,3.68,8.09,0.3,0,0.0,0.0,0.0,0,0.0,0.0,0.0,0,0.0,0.0,0.0,10,4.07,97.61,0.3,6,4.17,48.68,2.7,4,3.86,24.83,2.9,2,4.05,8.9,2.0,0,0.0,0.0,0.0
Grid_427,G,19.24875,72.89,North Suburbs,0,0.0,0.0,0.0,0,0.0,0.0,0.0,0,0.0,0.0,0.0,0,0.0,0.0,0.0,0,0.0,0.0,0.0,0,0.0,0.0,0.0,0,0.0,0.0,0.0,0,0.0,0.0,0.0,0,0.0,0.0,0.0,0,0.0,0.0,0.0
Grid_428,G,19.24875,72.91,North Suburbs,0,0.0,0.0,0.0,0,0.0,0.0,0.0,0,0.0,0.0,0.0,0,0.0,0.0,0.0,0,0.0,0.0,0.0,0,0.0,0.0,0.0,0,0.0,0.0,0.0,0,0.0,0.0,0.0,0,0.0,0.0,0.0,0,0.0,0.0,0.0
Grid_429,G,19.24875,72.93,North Suburbs,0,0.0,0.0,0.0,0,0.0,0.0,0.0,0,0.0,0.0,0.0,0,0.0,0.0,0.0,0,0.0,0.0,0.0,0,0.0,0.0,0.0,0,0.0,0.0,0.0,0,0.0,0.0,0.0,0,0.0,0.0,0.0,0,0.0,0.0,0.0
Grid_430,G,19.24875,72.95,North Suburbs,0,0.0,0.0,0.0,0,0.0,0.0,0.0,0,0.0,0.0,0.0,0,0.0,0.0,0.0,0,0.0,0.0,0.0,0,0.0,0.0,0.0,0,0.0,0.0,0.0,0,0.0,0.0,0.0,0,0.0,0.0,0.0,0,0.0,0.0,0.0
Grid_431,G,19.24875,72.97,North Suburbs,14,4.22,160.01,3.2,2,3.75,8.24,0.3,4,3.84,24.75,12.1,2,3.67,8.06,0.7,8,3.93,69.0,2.5,84,4.56,1702.73,5.0,10,4.52,108.42,6.0,2,3.81,8.37,1.0,6,3.82,44.62,10.2,0,0.0,0.0,0.0
Grid_432,G,19.24875,72.99,North Suburbs,0,0.0,0.0,0.0,0,0.0,0.0,0.0,0,0.0,0.0,0.0,0,0.0,0.0,0.0,0,0.0,0.0,0.0,0,0.0,0.0,0.0,0,0.0,0.0,0.0,0,0.0,0.0,0.0,0,0.0,0.0,0.0,0,0.0,0.0,0.0
Grid_433,G,19.24875,73.01,North Suburbs,0,0.0,0.0,0.0,0,0.0,0.0,0.0,0,0.0,0.0,0.0,0,0.0,0.0,0.0,0,0.0,0.0,0.0,0,0.0,0.0,0.0,0,0.0,0.0,0.0,0,0.0,0.0,0.0,0,0.0,0.0,0.0,0,0.0,0.0,0.0
Grid_434,G,19.24875,73.03,North Suburbs,0,0.0,0.0,0.0,0,0.0,0.0,0.0,0,0.0,0.0,0.0,0,0.0,0.0,0.0,0,0.0,0.0,0.0,0,0.0,0.0,0.0,0,0.0,0.0,0.0,2,3.73,8.19,1.0,0,0.0,0.0,0.0,0,0.0,0.0,0.0
Grid_435,G,19.24875,73.05,North Suburbs,0,0.0,0.0,0.0,0,0.0,0.0,0.0,0,0.0,0.0,0.0,0,0.0,0.0,0.0,0,0.0,0.0,0.0,0,0.0,0.0,0.0,0,0.0,0.0,0.0,0,0.0,0.0,0.0,0,0.0,0.0,0.0,0,0.0,0.0,0.0
Grid_436,G,19.24875,73.07,North Suburbs,0,0.0,0.0,0.0,0,0.0,0.0,0.0,0,0.0,0.0,0.0,0,0.0,0.0,0.0,0,0.0,0.0,0.0,0,0.0,0.0,0.0,0,0.0,0.0,0.0,0,0.0,0.0,0.0,0,0.0,0.0,0.0,0,0.0,0.0,0.0
Grid_437,G,19.24875,73.09,North Suburbs,0,0.0,0.0,0.0,0,0.0,0.0,0.0,0,0.0,0.0,0.0,0,0.0,0.0,0.0,0,0.0,0.0,0.0,0,0.0,0.0,0.0,0,0.0,0.0,0.0,0,0.0,0.0,0.0,0,0.0,0.0,0.0,0,0.0,0.0,0.0
Grid_438,G,19.24875,73.11,North Suburbs,0,0.0,0.0,0.0,0,0.0,0.0,0.0,0,0.0,0.0,0.0,0,0.0,0.0,0.0,0,0.0,0.0,0.0,0,0.0,0.0,0.0,0,0.0,0.0,0.0,0,0.0,0.0,0.0,0,0.0,0.0,0.0,0,0.0,0.0,0.0
Grid_439,G,19.24875,73.13,North Suburbs,4,4.24,27.27,0.5,0,0.0,0.0,0.0,0,0.0,0.0,0.0,0,0.0,0.0,0.0,0,0.0,0.0,0.0,6,4.2,49.01,0.1,6,4.11,47.96,2.7,0,0.0,0.0,0.0,0,0.0,0.0,0.0,0,0.0,0.0,0.0
Grid_440,G,19.24875,73.15,North Suburbs,2,3.94,8.66,0.2,2,4.2,9.23,0.3,0,0.0,0.0,0.0,0,0.0,0.0,0.0,0,0.0,0.0,0.0,2,3.87,8.51,0.0,4,3.79,24.39,1.3,0,0.0,0.0,0.0,0,0.0,0.0,0.0,0,0.0,0.0,0.0
Grid_441,G,19.26583,72.77,North Suburbs,0,0.0,0.0,0.0,0,0.0,0.0,0.0,0,0.0,0.0,0.0,0,0.0,0.0,0.0,0,0.0,0.0,0.0,0,0.0,0.0,0.0,0,0.0,0.0,0.0,0,0.0,0.0,0.0,0,0.0,0.0,0.0,0,0.0,0.0,0.0
Grid_442,G,19.26583,72.79,North Suburbs,0,0.0,0.0,0.0,0,0.0,0.0,0.0,0,0.0,0.0,0.0,0,0.0,0.0,0.0,0,0.0,0.0,0.0,0,0.0,0.0,0.0,0,0.0,0.0,0.0,0,0.0,0.0,0.0,0,0.0,0.0,0.0,0,0.0,0.0,0.0
Grid_443,G,19.26583,72.81,North Suburbs,0,0.0,0.0,0.0,0,0.0,0.0,0.0,0,0.0,0.0,0.0,0,0.0,0.0,0.0,0,0.0,0.0,0.0,0,0.0,0.0,0.0,0,0.0,0.0,0.0,0,0.0,0.0,0.0,0,0.0,0.0,0.0,0,0.0,0.0,0.0
Grid_444,G,19.26583,72.83,North Suburbs,0,0.0,0.0,0.0,0,0.0,0.0,0.0,0,0.0,0.0,0.0,0,0.0,0.0,0.0,0,0.0,0.0,0.0,0,0.0,0.0,0.0,0,0.0,0.0,0.0,0,0.0,0.0,0.0,0,0.0,0.0,0.0,0,0.0,0.0,0.0
Grid_445,G,19.26583,72.85,North Suburbs,0,0.0,0.0,0.0,0,0.0,0.0,0.0,0,0.0,0.0,0.0,0,0.0,0.0,0.0,0,0.0,0.0,0.0,0,0.0,0.0,0.0,0,0.0,0.0,0.0,0,0.0,0.0,0.0,0,0.0,0.0,0.0,0,0.0,0.0,0.0
Grid_446,G,19.26583,72.87,North Suburbs,10,4.15,99.6,2.0,2,4.06,8.91,0.3,0,0.0,0.0,0.0,0,0.0,0.0,0.0,0,0.0,0.0,0.0,32,4.57,510.95,1.5,10,4.07,97.53,5.4,4,4.08,26.26,3.1,0,0.0,0.0,0.0,0,0.0,0.0,0.0
Grid_447,G,19.26583,72.89,North Suburbs,0,0.0,0.0,0.0,0,0.0,0.0,0.0,0,0.0,0.0,0.0,0,0.0,0.0,0.0,0,0.0,0.0,0.0,0,0.0,0.0,0.0,0,0.0,0.0,0.0,0,0.0,0.0,0.0,0,0.0,0.0,0.0,0,0.0,0.0,0.0
Grid_448,G,19.26583,72.91,North Suburbs,4,4.18,26.89,0.5,0,0.0,0.0,0.0,0,0.0,0.0,0.0,0,0.0,0.0,0.0,0,0.0,0.0,0.0,0,0.0,0.0,0.0,0,0.0,0.0,0.0,2,4.05,8.89,1.0,0,0.0,0.0,0.0,0,0.0,0.0,0.0
Grid_449,G,19.26583,72.93,North Suburbs,0,0.0,0.0,0.0,0,0.0,0.0,0.0,0,0.0,0.0,0.0,0,0.0,0.0,0.0,0,0.0,0.0,0.0,0,0.0,0.0,0.0,0,0.0,0.0,0.0,0,0.0,0.0,0.0,0,0.0,0.0,0.0,0,0.0,0.0,0.0
Grid_450,G,19.26583,72.95,North Suburbs,0,0.0,0.0,0.0,0,0.0,0.0,0.0,0,0.0,0.0,0.0,0,0.0,0.0,0.0,0,0.0,0.0,0.0,0,0.0,0.0,0.0,6,4.05,47.24,2.6,0,0.0,0.0,0.0,0,0.0,0.0,0.0,0,0.0,0.0,0.0
Grid_451,G,19.26583,72.97,North Suburbs,0,0.0,0.0,0.0,0,0.0,0.0,0.0,0,0.0,0.0,0.0,0,0.0,0.0,0.0,0,0.0,0.0,0.0,0,0.0,0.0,0.0,0,0.0,0.0,0.0,0,0.0,0.0,0.0,0,0.0,0.0,0.0,0,0.0,0.0,0.0
Grid_452,G,19.26583,72.99,North Suburbs,4,3.71,23.85,0.5,4,3.77,24.28,0.9,0,0.0,0.0,0.0,0,0.0,0.0,0.0,2,3.9,8.57,0.3,10,4.44,106.5,0.3,4,4.23,27.23,1.5,2,3.84,8.43,1.0,2,3.84,8.44,1.9,0,0.0,0.0,0.0
Grid_453,G,19.26583,73.01,North Suburbs,0,0.0,0.0,0.0,0,0.0,0.0,0.0,0,0.0,0.0,0.0,0,0.0,0.0,0.0,0,0.0,0.0,0.0,0,0.0,0.0,0.0,0,0.0,0.0,0.0,0,0.0,0.0,0.0,0,0.0,0.0,0.0,0,0.0,0.0,0.0
Grid_454,G,19.26583,73.03,North Suburbs,0,0.0,0.0,0.0,0,0.0,0.0,0.0,0,0.0,0.0,0.0,0,0.0,0.0,0.0,0,0.0,0.0,0.0,2,3.66,8.03,0.0,0,0.0,0.0,0.0,0,0.0,0.0,0.0,0,0.0,0.0,0.0,0,0.0,0.0,0.0
Grid_455,G,19.26583,73.05,North Suburbs,0,0.0,0.0,0.0,0,0.0,0.0,0.0,0,0.0,0.0,0.0,0,0.0,0.0,0.0,0,0.0,0.0,0.0,0,0.0,0.0,0.0,0,0.0,0.0,0.0,0,0.0,0.0,0.0,0,0.0,0.0,0.0,0,0.0,0.0,0.0
Grid_456,G,19.26583,73.07,North Suburbs,0,0.0,0.0,0.0,0,0.0,0.0,0.0,0,0.0,0.0,0.0,0,0.0,0.0,0.0,0,0.0,0.0,0.0,0,0.0,0.0,0.0,0,0.0,0.0,0.0,0,0.0,0.0,0.0,0,0.0,0.0,0.0,0,0.0,0.0,0.0
Grid_457,G,19.26583,73.09,North Suburbs,4,4.16,26.76,0.5,0,0.0,0.0,0.0,0,0.0,0.0,0.0,0,0.0,0.0,0.0,0,0.0,0.0,0.0,0,0.0,0.0,0.0,0,0.0,0.0,0.0,0,0.0,0.0,0.0,0,0.0,0.0,0.0,0,0.0,0.0,0.0
Grid_458,G,19.26583,73.11,North Suburbs,0,0.0,0.0,0.0,0,0.0,0.0,0.0,0,0.0,0.0,0.0,0,0.0,0.0,0.0,0,0.0,0.0,0.0,0,0.0,0.0,0.0,0,0.0,0.0,0.0,0,0.0,0.0,0.0,0,0.0,0.0,0.0,0,0.0,0.0,0.0
Grid_459,G,19.26583,73.13,North Suburbs,0,0.0,0.0,0.0,0,0.0,0.0,0.0,0,0.0,0.0,0.0,0,0.0,0.0,0.0,0,0.0,0.0,0.0,0,0.0,0.0,0.0,0,0.0,0.0,0.0,0,0.0,0.0,0.0,0,0.0,0.0,0.0,0,0.0,0.0,0.0
Grid_460,G,19.26583,73.15,North Suburbs,0,0.0,0.0,0.0,0,0.0,0.0,0.0,0,0.0,0.0,0.0,0,0.0,0.0,0.0,0,0.0,0.0,0.0,2,3.63,7.97,0.0,0,0.0,0.0,0.0,0,0.0,0.0,0.0,0,0.0,0.0,0.0,0,0.0,0.0,0.0
Grid_461,G,19.28292,72.77,North Suburbs,0,0.0,0.0,0.0,0,0.0,0.0,0.0,0,0.0,0.0,0.0,0,0.0,0.0,0.0,0,0.0,0.0,0.0,0,0.0,0.0,0.0,0,0.0,0.0,0.0,0,0.0,0.0,0.0,0,0.0,0.0,0.0,0,0.0,0.0,0.0
Grid_462,G,19.28292,72.79,North Suburbs,0,0.0,0.0,0.0,0,0.0,0.0,0.0,0,0.0,0.0,0.0,0,0.0,0.0,0.0,0,0.0,0.0,0.0,2,3.77,8.28,0.0,2,3.83,8.41,0.5,0,0.0,0.0,0.0,0,0.0,0.0,0.0,0,0.0,0.0,0.0
Grid_463,G,19.28292,72.81,North Suburbs,0,0.0,0.0,0.0,0,0.0,0.0,0.0,0,0.0,0.0,0.0,0,0.0,0.0,0.0,0,0.0,0.0,0.0,0,0.0,0.0,0.0,0,0.0,0.0,0.0,0,0.0,0.0,0.0,0,0.0,0.0,0.0,0,0.0,0.0,0.0
Grid_464,G,19.28292,72.83,North Suburbs,0,0.0,0.0,0.0,0,0.0,0.0,0.0,0,0.0,0.0,0.0,0,0.0,0.0,0.0,0,0.0,0.0,0.0,0,0.0,0.0,0.0,0,0.0,0.0,0.0,0,0.0,0.0,0.0,0,0.0,0.0,0.0,0,0.0,0.0,0.0
Grid_465,G,19.28292,72.85,North Suburbs,0,0.0,0.0,0.0,0,0.0,0.0,0.0,0,0.0,0.0,0.0,0,0.0,0.0,0.0,0,0.0,0.0,0.0,0,0.0,0.0,0.0,0,0.0,0.0,0.0,0,0.0,0.0,0.0,0,0.0,0.0,0.0,0,0.0,0.0,0.0
Grid_466,G,19.28292,72.87,North Suburbs,30,4.49,462.1,9.1,6,4.08,47.65,1.8,0,0.0,0.0,0.0,2,3.63,7.97,0.7,8,4.45,78.24,2.8,166,4.5,3826.82,11.3,16,4.58,207.82,11.5,2,3.84,8.44,1.0,0,0.0,0.0,0.0,0,0.0,0.0,0.0
Grid_467,G,19.28292,72.89,North Suburbs,0,0.0,0.0,0.0,0,0.0,0.0,0.0,0,0.0,0.0,0.0,0,0.0,0.0,0.0,0,0.0,0.0,0.0,0,0.0,0.0,0.0,0,0.0,0.0,0.0,0,0.0,0.0,0.0,0,0.0,0.0,0.0,0,0.0,0.0,0.0
Grid_468,G,19.28292,72.91,North Suburbs,8,4.22,74.2,1.5,0,0.0,0.0,0.0,0,0.0,0.0,0.0,0,0.0,0.0,0.0,0,0.0,0.0,0.0,0,0.0,0.0,0.0,0,0.0,0.0,0.0,12,4.67,143.67,16.9,0,0.0,0.0,0.0,0,0.0,0.0,0.0
Grid_469,G,19.28292,72.93,North Suburbs,0,0.0,0.0,0.0,0,0.0,0.0,0.0,0,0.0,0.0,0.0,0,0.0,0.0,0.0,0,0.0,0.0,0.0,0,0.0,0.0,0.0,0,0.0,0.0,0.0,0,0.0,0.0,0.0,0,0.0,0.0,0.0,0,0.0,0.0,0.0
Grid_470,G,19.28292,72.95,North Suburbs,4,4.2,27.03,0.5,0,0.0,0.0,0.0,0,0.0,0.0,0.0,0,0.0,0.0,0.0,0,0.0,0.0,0.0,0,0.0,0.0,0.0,2,3.64,8.0,0.4,6,4.26,49.79,5.9,0,0.0,0.0,0.0,0,0.0,0.0,0.0
Grid_471,G,19.28292,72.97,North Suburbs,0,0.0,0.0,0.0,0,0.0,0.0,0.0,0,0.0,0.0,0.0,0,0.0,0.0,0.0,0,0.0,0.0,0.0,0,0.0,0.0,0.0,0,0.0,0.0,0.0,0,0.0,0.0,0.0,0,0.0,0.0,0.0,0,0.0,0.0,0.0
Grid_472,G,19.28292,72.99,North Suburbs,0,0.0,0.0,0.0,0,0.0,0.0,0.0,0,0.0,0.0,0.0,0,0.0,0.0,0.0,0,0.0,0.0,0.0,0,0.0,0.0,0.0,0,0.0,0.0,0.0,0,0.0,0.0,0.0,0,0.0,0.0,0.0,0,0.0,0.0,0.0
Grid_473,G,19.28292,73.01,North Suburbs,0,0.0,0.0,0.0,0,0.0,0.0,0.0,0,0.0,0.0,0.0,0,0.0,0.0,0.0,0,0.0,0.0,0.0,0,0.0,0.0,0.0,0,0.0,0.0,0.0,0,0.0,0.0,0.0,0,0.0,0.0,0.0,0,0.0,0.0,0.0
Grid_474,G,19.28292,73.03,North Suburbs,0,0.0,0.0,0.0,0,0.0,0.0,0.0,0,0.0,0.0,0.0,0,0.0,0.0,0.0,0,0.0,0.0,0.0,0,0.0,0.0,0.0,0,0.0,0.0,0.0,0,0.0,0.0,0.0,0,0.0,0.0,0.0,0,0.0,0.0,0.0
Grid_475,G,19.28292,73.05,North Suburbs,4,4.12,26.53,0.5,0,0.0,0.0,0.0,0,0.0,0.0,0.0,0,0.0,0.0,0.0,0,0.0,0.0,0.0,0,0.0,0.0,0.0,2,3.63,7.98,0.4,0,0.0,0.0,0.0,0,0.0,0.0,0.0,0,0.0,0.0,0.0
Grid_476,G,19.28292,73.07,North Suburbs,0,0.0,0.0,0.0,0,0.0,0.0,0.0,0,0.0,0.0,0.0,0,0.0,0.0,0.0,0,0.0,0.0,0.0,0,0.0,0.0,0.0,0,0.0,0.0,0.0,0,0.0,0.0,0.0,0,0.0,0.0,0.0,0,0.0,0.0,0.0
Grid_477,G,19.28292,73.09,North Suburbs,0,0.0,0.0,0.0,0,0.0,0.0,0.0,0,0.0,0.0,0.0,0,0.0,0.0,0.0,0,0.0,0.0,0.0,2,3.91,8.58,0.0,0,0.0,0.0,0.0,0,0.0,0.0,0.0,0,0.0,0.0,0.0,0,0.0,0.0,0.0
Grid_478,G,19.28292,73.11,North Suburbs,0,0.0,0.0,0.0,0,0.0,0.0,0.0,0,0.0,0.0,0.0,0,0.0,0.0,0.0,0,0.0,0.0,0.0,0,0.0,0.0,0.0,0,0.0,0.0,0.0,0,0.0,0.0,0.0,0,0.0,0.0,0.0,0,0.0,0.0,0.0
Grid_479,G,19.28292,73.13,North Suburbs,0,0.0,0.0,0.0,0,0.0,0.0,0.0,0,0.0,0.0,0.0,0,0.0,0.0,0.0,0,0.0,0.0,0.0,0,0.0,0.0,0.0,0,0.0,0.0,0.0,0,0.0,0.0,0.0,0,0.0,0.0,0.0,0,0.0,0.0,0.0
Grid_480,G,19.28292,73.15,North Suburbs,0,0.0,0.0,0.0,0,0.0,0.0,0.0,0,0.0,0.0,0.0,0,0.0,0.0,0.0,0,0.0,0.0,0.0,0,0.0,0.0,0.0,0,0.0,0.0,0.0,0,0.0,0.0,0.0,0,0.0,0.0,0.0,0,0.0,0.0,0.0
Grid_481,G,19.3,72.77,North Suburbs,0,0.0,0.0,0.0,0,0.0,0.0,0.0,0,0.0,0.0,0.0,0,0.0,0.0,0.0,0,0.0,0.0,0.0,0,0.0,0.0,0.0,0,0.0,0.0,0.0,0,0.0,0.0,0.0,0,0.0,0.0,0.0,0,0.0,0.0,0.0
Grid_482,G,19.3,72.79,North Suburbs,0,0.0,0.0,0.0,0,0.0,0.0,0.0,0,0.0,0.0,0.0,0,0.0,0.0,0.0,0,0.0,0.0,0.0,0,0.0,0.0,0.0,0,0.0,0.0,0.0,0,0.0,0.0,0.0,0,0.0,0.0,0.0,0,0.0,0.0,0.0
Grid_483,G,19.3,72.81,North Suburbs,0,0.0,0.0,0.0,0,0.0,0.0,0.0,0,0.0,0.0,0.0,0,0.0,0.0,0.0,0,0.0,0.0,0.0,0,0.0,0.0,0.0,0,0.0,0.0,0.0,0,0.0,0.0,0.0,0,0.0,0.0,0.0,0,0.0,0.0,0.0
Grid_484,G,19.3,72.83,North Suburbs,0,0.0,0.0,0.0,0,0.0,0.0,0.0,0,0.0,0.0,0.0,0,0.0,0.0,0.0,0,0.0,0.0,0.0,0,0.0,0.0,0.0,0,0.0,0.0,0.0,0,0.0,0.0,0.0,0,0.0,0.0,0.0,0,0.0,0.0,0.0
Grid_485,G,19.3,72.85,North Suburbs,0,0.0,0.0,0.0,0,0.0,0.0,0.0,0,0.0,0.0,0.0,0,0.0,0.0,0.0,0,0.0,0.0,0.0,0,0.0,0.0,0.0,0,0.0,0.0,0.0,0,0.0,0.0,0.0,0,0.0,0.0,0.0,0,0.0,0.0,0.0
Grid_486,G,19.3,72.87,North Suburbs,0,0.0,0.0,0.0,0,0.0,0.0,0.0,0,0.0,0.0,0.0,0,0.0,0.0,0.0,0,0.0,0.0,0.0,0,0.0,0.0,0.0,0,0.0,0.0,0.0,0,0.0,0.0,0.0,0,0.0,0.0,0.0,0,0.0,0.0,0.0
Grid_487,G,19.3,72.89,North Suburbs,0,0.0,0.0,0.0,0,0.0,0.0,0.0,0,0.0,0.0,0.0,0,0.0,0.0,0.0,0,0.0,0.0,0.0,2,4.12,9.05,0.0,2,3.84,8.43,0.5,0,0.0,0.0,0.0,0,0.0,0.0,0.0,0,0.0,0.0,0.0
Grid_488,G,19.3,72.91,North Suburbs,0,0.0,0.0,0.0,0,0.0,0.0,0.0,0,0.0,0.0,0.0,0,0.0,0.0,0.0,0,0.0,0.0,0.0,0,0.0,0.0,0.0,0,0.0,0.0,0.0,0,0.0,0.0,0.0,0,0.0,0.0,0.0,0,0.0,0.0,0.0
Grid_489,G,19.3,72.93,North Suburbs,0,0.0,0.0,0.0,0,0.0,0.0,0.0,0,0.0,0.0,0.0,0,0.0,0.0,0.0,0,0.0,0.0,0.0,0,0.0,0.0,0.0,0,0.0,0.0,0.0,0,0.0,0.0,0.0,0,0.0,0.0,0.0,0,0.0,0.0,0.0
Grid_490,G,19.3,72.95,North Suburbs,0,0.0,0.0,0.0,0,0.0,0.0,0.0,0,0.0,0.0,0.0,0,0.0,0.0,0.0,0,0.0,0.0,0.0,0,0.0,0.0,0.0,0,0.0,0.0,0.0,0,0.0,0.0,0.0,0,0.0,0.0,0.0,0,0.0,0.0,0.0
Grid_491,G,19.3,72.97,North Suburbs,0,0.0,0.0,0.0,0,0.0,0.0,0.0,0,0.0,0.0,0.0,0,0.0,0.0,0.0,0,0.0,0.0,0.0,0,0.0,0.0,0.0,0,0.0,0.0,0.0,0,0.0,0.0,0.0,0,0.0,0.0,0.0,0,0.0,0.0,0.0
Grid_492,G,19.3,72.99,North Suburbs,0,0.0,0.0,0.0,0,0.0,0.0,0.0,0,0.0,0.0,0.0,0,0.0,0.0,0.0,0,0.0,0.0,0.0,0,0.0,0.0,0.0,0,0.0,0.0,0.0,0,0.0,0.0,0.0,0,0.0,0.0,0.0,0,0.0,0.0,0.0
Grid_493,G,19.3,73.01,North Suburbs,0,0.0,0.0,0.0,0,0.0,0.0,0.0,0,0.0,0.0,0.0,0,0.0,0.0,0.0,0,0.0,0.0,0.0,0,0.0,0.0,0.0,0,0.0,0.0,0.0,0,0.0,0.0,0.0,0,0.0,0.0,0.0,0,0.0,0.0,0.0
Grid_494,G,19.3,73.03,North Suburbs,0,0.0,0.0,0.0,0,0.0,0.0,0.0,2,3.95,8.69,4.2,0,0.0,0.0,0.0,0,0.0,0.0,0.0,0,0.0,0.0,0.0,2,3.77,8.28,0.5,0,0.0,0.0,0.0,0,0.0,0.0,0.0,0,0.0,0.0,0.0
Grid_495,G,19.3,73.05,North Suburbs,0,0.0,0.0,0.0,0,0.0,0.0,0.0,0,0.0,0.0,0.0,0,0.0,0.0,0.0,0,0.0,0.0,0.0,0,0.0,0.0,0.0,0,0.0,0.0,0.0,0,0.0,0.0,0.0,0,0.0,0.0,0.0,0,0.0,0.0,0.0
Grid_496,G,19.3,73.07,North Suburbs,0,0.0,0.0,0.0,0,0.0,0.0,0.0,0,0.0,0.0,0.0,0,0.0,0.0,0.0,0,0.0,0.0,0.0,0,0.0,0.0,0.0,0,0.0,0.0,0.0,0,0.0,0.0,0.0,0,0.0,0.0,0.0,0,0.0,0.0,0.0
Grid_497,G,19.3,73.09,North Suburbs,0,0.0,0.0,0.0,0,0.0,0.0,0.0,0,0.0,0.0,0.0,0,0.0,0.0,0.0,0,0.0,0.0,0.0,0,0.0,0.0,0.0,0,0.0,0.0,0.0,0,0.0,0.0,0.0,0,0.0,0.0,0.0,0,0.0,0.0,0.0
Grid_498,G,19.3,73.11,North Suburbs,0,0.0,0.0,0.0,0,0.0,0.0,0.0,0,0.0,0.0,0.0,0,0.0,0.0,0.0,0,0.0,0.0,0.0,0,0.0,0.0,0.0,0,0.0,0.0,0.0,0,0.0,0.0,0.0,0,0.0,0.0,0.0,0,0.0,0.0,0.0
Grid_499,G,19.3,73.13,North Suburbs,0,0.0,0.0,0.0,0,0.0,0.0,0.0,0,0.0,0.0,0.0,0,0.0,0.0,0.0,0,0.0,0.0,0.0,0,0.0,0.0,0.0,0,0.0,0.0,0.0,0,0.0,0.0,0.0,0,0.0,0.0,0.0,0,0.0,0.0,0.0
Grid_500,G,19.3,73.15,North Suburbs,0,0.0,0.0,0.0,0,0.0,0.0,0.0,0,0.0,0.0,0.0,0,0.0,0.0,0.0,0,0.0,0.0,0.0,0,0.0,0.0,0.0,0,0.0,0.0,0.0,0,0.0,0.0,0.0,0,0.0,0.0,0.0,0,0.0,0.0,0.0
