name,ward,lat,lng,zone
Grid_1,G,18.89,72.77,South Mumbai
Grid_2,G,18.89,72.79,South Mumbai
Grid_3,G,18.89,72.81,South Mumbai
Grid_4,G,18.89,72.83,South Mumbai
Grid_5,G,18.89,72.85,South Mumbai
Grid_6,G,18.89,72.87,South Mumbai
Grid_7,G,18.89,72.89,South Mumbai
Grid_8,G,18.89,72.91,South Mumbai
Grid_9,G,18.89,72.93,South Mumbai
Grid_10,G,18.89,72.95,South Mumbai
Grid_11,G,18.89,72.97,Navi Mumbai
Grid_12,G,18.89,72.99,Navi Mumbai
Grid_13,G,18.89,73.01,Navi Mumbai
Grid_14,G,18.89,73.03,Navi Mumbai
Grid_15,G,18.89,73.05,Navi Mumbai
Grid_16,G,18.89,73.07,Navi Mumbai
Grid_17,G,18.89,73.09,Navi Mumbai
Grid_18,G,18.89,73.11,Navi Mumbai
Grid_19,G,18.89,73.13,Navi Mumbai
Grid_20,G,18.89,73.15,Navi Mumbai
Grid_21,G,18.90708,72.77,South Mumbai
Grid_22,G,18.90708,72.79,South Mumbai
Grid_23,G,18.90708,72.81,South Mumbai
Grid_24,G,18.90708,72.83,South Mumbai
Grid_25,G,18.90708,72.85,South Mumbai
Grid_26,G,18.90708,72.87,South Mumbai
Grid_27,G,18.90708,72.89,South Mumbai
Grid_28,G,18.90708,72.91,South Mumbai
Grid_29,G,18.90708,72.93,South Mumbai
Grid_30,G,18.90708,72.95,South Mumbai
Grid_31,G,18.90708,72.97,Navi Mumbai
Grid_32,G,18.90708,72.99,Navi Mumbai
Grid_33,G,18.90708,73.01,Navi Mumbai
Grid_34,G,18.90708,73.03,Navi Mumbai
Grid_35,G,18.90708,73.05,Navi Mumbai
Grid_36,G,18.90708,73.07,Navi Mumbai
Grid_37,G,18.90708,73.09,Navi Mumbai
Grid_38,G,18.90708,73.11,Navi Mumbai
Grid_39,G,18.90708,73.13,Navi Mumbai
Grid_40,G,18.90708,73.15,Navi Mumbai
Grid_41,G,18.92417,72.77,South Mumbai
Grid_42,G,18.92417,72.79,South Mumbai
Grid_43,G,18.92417,72.81,South Mumbai
Grid_44,G,18.92417,72.83,South Mumbai
Grid_45,G,18.92417,72.85,South Mumbai
Grid_46,G,18.92417,72.87,South Mumbai
Grid_47,G,18.92417,72.89,South Mumbai
Grid_48,G,18.92417,72.91,South Mumbai
Grid_49,G,18.92417,72.93,South Mumbai
Grid_50,G,18.92417,72.95,South Mumbai
Grid_51,G,18.92417,72.97,Navi Mumbai
Grid_52,G,18.92417,72.99,Navi Mumbai
Grid_53,G,18.92417,73.01,Navi Mumbai
Grid_54,G,18.92417,73.03,Navi Mumbai
Grid_55,G,18.92417,73.05,Navi Mumbai
Grid_56,G,18.92417,73.07,Navi Mumbai
Grid_57,G,18.92417,73.09,Navi Mumbai
Grid_58,G,18.92417,73.11,Navi Mumbai
Grid_59,G,18.92417,73.13,Navi Mumbai
Grid_60,G,18.92417,73.15,Navi Mumbai
Grid_61,G,18.94125,72.77,South Mumbai
Grid_62,G,18.94125,72.79,South Mumbai
Grid_63,G,18.94125,72.81,South Mumbai
Grid_64,G,18.94125,72.83,South Mumbai
Grid_65,G,18.94125,72.85,South Mumbai
Grid_66,G,18.94125,72.87,South Mumbai
Grid_67,G,18.94125,72.89,South Mumbai
Grid_68,G,18.94125,72.91,South Mumbai
Grid_69,G,18.94125,72.93,South Mumbai
Grid_70,G,18.94125,72.95,South Mumbai
Grid_71,G,18.94125,72.97,Navi Mumbai
Grid_72,G,18.94125,72.99,Navi Mumbai
Grid_73,G,18.94125,73.01,Navi Mumbai
Grid_74,G,18.94125,73.03,Navi Mumbai
Grid_75,G,18.94125,73.05,Navi Mumbai
Grid_76,G,18.94125,73.07,Navi Mumbai
Grid_77,G,18.94125,73.09,Navi Mumbai
Grid_78,G,18.94125,73.11,Navi Mumbai
Grid_79,G,18.94125,73.13,Navi Mumbai
Grid_80,G,18.94125,73.15,Navi Mumbai
Grid_81,G,18.95833,72.77,South Mumbai
Grid_82,G,18.95833,72.79,South Mumbai
Grid_83,G,18.95833,72.81,South Mumbai
Grid_84,G,18.95833,72.83,South Mumbai
Grid_85,G,18.95833,72.85,South Mumbai
Grid_86,G,18.95833,72.87,South Mumbai
Grid_87,G,18.95833,72.89,South Mumbai
Grid_88,G,18.95833,72.91,South Mumbai
Grid_89,G,18.95833,72.93,South Mumbai
Grid_90,G,18.95833,72.95,South Mumbai
Grid_91,G,18.95833,72.97,Navi Mumbai
Grid_92,G,18.95833,72.99,Navi Mumbai
Grid_93,G,18.95833,73.01,Navi Mumbai
Grid_94,G,18.95833,73.03,Navi Mumbai
Grid_95,G,18.95833,73.05,Navi Mumbai
Grid_96,G,18.95833,73.07,Navi Mumbai
Grid_97,G,18.95833,73.09,Navi Mumbai
Grid_98,G,18.95833,73.11,Navi Mumbai
Grid_99,G,18.95833,73.13,Navi Mumbai
Grid_100,G,18.95833,73.15,Navi Mumbai
Grid_101,G,18.97542,72.77,South Mumbai
Grid_102,G,18.97542,72.79,South Mumbai
Grid_103,G,18.97542,72.81,South Mumbai
Grid_104,G,18.97542,72.83,South Mumbai
Grid_105,G,18.97542,72.85,South Mumbai
Grid_106,G,18.97542,72.87,South Mumbai
Grid_107,G,18.97542,72.89,South Mumbai
Grid_108,G,18.97542,72.91,South Mumbai
Grid_109,G,18.97542,72.93,South Mumbai
Grid_110,G,18.97542,72.95,South Mumbai
Grid_111,G,18.97542,72.97,Navi Mumbai
Grid_112,G,18.97542,72.99,Navi Mumbai
Grid_113,G,18.97542,73.01,Navi Mumbai
Grid_114,G,18.97542,73.03,Navi Mumbai
Grid_115,G,18.97542,73.05,Navi Mumbai
Grid_116,G,18.97542,73.07,Navi Mumbai
Grid_117,G,18.97542,73.09,Navi Mumbai
Grid_118,G,18.97542,73.11,Navi Mumbai
Grid_119,G,18.97542,73.13,Navi Mumbai
Grid_120,G,18.97542,73.15,Navi Mumbai
Grid_121,G,18.9925,72.77,South Mumbai
Grid_122,G,18.9925,72.79,South Mumbai
Grid_123,G,18.9925,72.81,South Mumbai
Grid_124,G,18.9925,72.83,South Mumbai
Grid_125,G,18.9925,72.85,South Mumbai
Grid_126,G,18.9925,72.87,South Mumbai
Grid_127,G,18.9925,72.89,South Mumbai
Grid_128,G,18.9925,72.91,South Mumbai
Grid_129,G,18.9925,72.93,South Mumbai
Grid_130,G,18.9925,72.95,South Mumbai
Grid_131,G,18.9925,72.97,Navi Mumbai
Grid_132,G,18.9925,72.99,Navi Mumbai
Grid_133,G,18.9925,73.01,Navi Mumbai
Grid_134,G,18.9925,73.03,Navi Mumbai
Grid_135,G,18.9925,73.05,Navi Mumbai
Grid_136,G,18.9925,73.07,Navi Mumbai
Grid_137,G,18.9925,73.09,Navi Mumbai
Grid_138,G,18.9925,73.11,Navi Mumbai
Grid_139,G,18.9925,73.13,Navi Mumbai
Grid_140,G,18.9925,73.15,Navi Mumbai
Grid_141,G,19.00958,72.77,South Mumbai
Grid_142,G,19.00958,72.79,South Mumbai
Grid_143,G,19.00958,72.81,South Mumbai
Grid_144,G,19.00958,72.83,South Mumbai
Grid_145,G,19.00958,72.85,South Mumbai
Grid_146,G,19.00958,72.87,South Mumbai
Grid_147,G,19.00958,72.89,South Mumbai
Grid_148,G,19.00958,72.91,South Mumbai
Grid_149,G,19.00958,72.93,South Mumbai
Grid_150,G,19.00958,72.95,South Mumbai
Grid_151,G,19.00958,72.97,Navi Mumbai
Grid_152,G,19.00958,72.99,Navi Mumbai
Grid_153,G,19.00958,73.01,Navi Mumbai
Grid_154,G,19.00958,73.03,Navi Mumbai
Grid_155,G,19.00958,73.05,Navi Mumbai
Grid_156,G,19.00958,73.07,Navi Mumbai
Grid_157,G,19.00958,73.09,Navi Mumbai
Grid_158,G,19.00958,73.11,Navi Mumbai
Grid_159,G,19.00958,73.13,Navi Mumbai
Grid_160,G,19.00958,73.15,Navi Mumbai
Grid_161,G,19.02667,72.77,South Mumbai
Grid_162,G,19.02667,72.79,South Mumbai
Grid_163,G,19.02667,72.81,South Mumbai
Grid_164,G,19.02667,72.83,South Mumbai
Grid_165,G,19.02667,72.85,South Mumbai
Grid_166,G,19.02667,72.87,South Mumbai
Grid_167,G,19.02667,72.89,South Mumbai
Grid_168,G,19.02667,72.91,South Mumbai
Grid_169,G,19.02667,72.93,South Mumbai
Grid_170,G,19.02667,72.95,South Mumbai
Grid_171,G,19.02667,72.97,Navi Mumbai
Grid_172,G,19.02667,72.99,Navi Mumbai
Grid_173,G,19.02667,73.01,Navi Mumbai
Grid_174,G,19.02667,73.03,Navi Mumbai
Grid_175,G,19.02667,73.05,Navi Mumbai
Grid_176,G,19.02667,73.07,Navi Mumbai
Grid_177,G,19.02667,73.09,Navi Mumbai
Grid_178,G,19.02667,73.11,Navi Mumbai
Grid_179,G,19.02667,73.13,Navi Mumbai
Grid_180,G,19.02667,73.15,Navi Mumbai
Grid_181,G,19.04375,72.77,South Mumbai
Grid_182,G,19.04375,72.79,South Mumbai
Grid_183,G,19.04375,72.81,South Mumbai
Grid_184,G,19.04375,72.83,South Mumbai
Grid_185,G,19.04375,72.85,South Mumbai
Grid_186,G,19.04375,72.87,South Mumbai
Grid_187,G,19.04375,72.89,South Mumbai
Grid_188,G,19.04375,72.91,South Mumbai
Grid_189,G,19.04375,72.93,South Mumbai
Grid_190,G,19.04375,72.95,South Mumbai
Grid_191,G,19.04375,72.97,Navi Mumbai
Grid_192,G,19.04375,72.99,Navi Mumbai
Grid_193,G,19.04375,73.01,Navi Mumbai
Grid_194,G,19.04375,73.03,Navi Mumbai
Grid_195,G,19.04375,73.05,Navi Mumbai
Grid_196,G,19.04375,73.07,Navi Mumbai
Grid_197,G,19.04375,73.09,Navi Mumbai
Grid_198,G,19.04375,73.11,Navi Mumbai
Grid_199,G,19.04375,73.13,Navi Mumbai
Grid_200,G,19.04375,73.15,Navi Mumbai
Grid_201,G,19.06083,72.77,West Suburbs
Grid_202,G,19.06083,72.79,West Suburbs
Grid_203,G,19.06083,72.81,West Suburbs
Grid_204,G,19.06083,72.83,West Suburbs
Grid_205,G,19.06083,72.85,West Suburbs
Grid_206,G,19.06083,72.87,West Suburbs
Grid_207,G,19.06083,72.89,West Suburbs
Grid_208,G,19.06083,72.91,East Suburbs
Grid_209,G,19.06083,72.93,East Suburbs
Grid_210,G,19.06083,72.95,East Suburbs
Grid_211,G,19.06083,72.97,East Suburbs
Grid_212,G,19.06083,72.99,East Suburbs
Grid_213,G,19.06083,73.01,East Suburbs
Grid_214,G,19.06083,73.03,East Suburbs
Grid_215,G,19.06083,73.05,East Suburbs
Grid_216,G,19.06083,73.07,East Suburbs
Grid_217,G,19.06083,73.09,East Suburbs
Grid_218,G,19.06083,73.11,East Suburbs
Grid_219,G,19.06083,73.13,East Suburbs
Grid_220,G,19.06083,73.15,East Suburbs
Grid_221,G,19.07792,72.77,West Suburbs
Grid_222,G,19.07792,72.79,West Suburbs
Grid_223,G,19.07792,72.81,West Suburbs
Grid_224,G,19.07792,72.83,West Suburbs
Grid_225,G,19.07792,72.85,West Suburbs
Grid_226,G,19.07792,72.87,West Suburbs
Grid_227,G,19.07792,72.89,West Suburbs
Grid_228,G,19.07792,72.91,East Suburbs
Grid_229,G,19.07792,72.93,East Suburbs
Grid_230,G,19.07792,72.95,East Suburbs
Grid_231,G,19.07792,72.97,East Suburbs
Grid_232,G,19.07792,72.99,East Suburbs
Grid_233,G,19.07792,73.01,East Suburbs
Grid_234,G,19.07792,73.03,East Suburbs
Grid_235,G,19.07792,73.05,East Suburbs
Grid_236,G,19.07792,73.07,East Suburbs
Grid_237,G,19.07792,73.09,East Suburbs
Grid_238,G,19.07792,73.11,East Suburbs
Grid_239,G,19.07792,73.13,East Suburbs
Grid_240,G,19.07792,73.15,East Suburbs
Grid_241,G,19.095,72.77,West Suburbs
Grid_242,G,19.095,72.79,West Suburbs
Grid_243,G,19.095,72.81,West Suburbs
Grid_244,G,19.095,72.83,West Suburbs
Grid_245,G,19.095,72.85,West Suburbs
Grid_246,G,19.095,72.87,West Suburbs
Grid_247,G,19.095,72.89,West Suburbs
Grid_248,G,19.095,72.91,East Suburbs
Grid_249,G,19.095,72.93,East Suburbs
Grid_250,G,19.095,72.95,East Suburbs
Grid_251,G,19.095,72.97,East Suburbs
Grid_252,G,19.095,72.99,East Suburbs
Grid_253,G,19.095,73.01,East Suburbs
Grid_254,G,19.095,73.03,East Suburbs
Grid_255,G,19.095,73.05,East Suburbs
Grid_256,G,19.095,73.07,East Suburbs
Grid_257,G,19.095,73.09,East Suburbs
Grid_258,G,19.095,73.11,East Suburbs
Grid_259,G,19.095,73.13,East Suburbs
Grid_260,G,19.095,73.15,East Suburbs
Grid_261,G,19.11208,72.77,West Suburbs
Grid_262,G,19.11208,72.79,West Suburbs
Grid_263,G,19.11208,72.81,West Suburbs
Grid_264,G,19.11208,72.83,West Suburbs
Grid_265,G,19.11208,72.85,West Suburbs
Grid_266,G,19.11208,72.87,West Suburbs
Grid_267,G,19.11208,72.89,West Suburbs
Grid_268,G,19.11208,72.91,East Suburbs
Grid_269,G,19.11208,72.93,East Suburbs
Grid_270,G,19.11208,72.95,East Suburbs
Grid_271,G,19.11208,72.97,East Suburbs
Grid_272,G,19.11208,72.99,East Suburbs
Grid_273,G,19.11208,73.01,East Suburbs
Grid_274,G,19.11208,73.03,East Suburbs
Grid_275,G,19.11208,73.05,East Suburbs
Grid_276,G,19.11208,73.07,East Suburbs
Grid_277,G,19.11208,73.09,East Suburbs
Grid_278,G,19.11208,73.11,East Suburbs
Grid_279,G,19.11208,73.13,East Suburbs
Grid_280,G,19.11208,73.15,East Suburbs
Grid_281,G,19.12917,72.77,West Suburbs
Grid_282,G,19.12917,72.79,West Suburbs
Grid_283,G,19.12917,72.81,West Suburbs
Grid_284,G,19.12917,72.83,West Suburbs
Grid_285,G,19.12917,72.85,West Suburbs
Grid_286,G,19.12917,72.87,West Suburbs
Grid_287,G,19.12917,72.89,West Suburbs
Grid_288,G,19.12917,72.91,East Suburbs
Grid_289,G,19.12917,72.93,East Suburbs
Grid_290,G,19.12917,72.95,East Suburbs
Grid_291,G,19.12917,72.97,East Suburbs
Grid_292,G,19.12917,72.99,East Suburbs
Grid_293,G,19.12917,73.01,East Suburbs
Grid_294,G,19.12917,73.03,East Suburbs
Grid_295,G,19.12917,73.05,East Suburbs
Grid_296,G,19.12917,73.07,East Suburbs
Grid_297,G,19.12917,73.09,East Suburbs
Grid_298,G,19.12917,73.11,East Suburbs
Grid_299,G,19.12917,73.13,East Suburbs
Grid_300,G,19.12917,73.15,East Suburbs
Grid_301,G,19.14625,72.77,West Suburbs
Grid_302,G,19.14625,72.79,West Suburbs
Grid_303,G,19.14625,72.81,West Suburbs
Grid_304,G,19.14625,72.83,West Suburbs
Grid_305,G,19.14625,72.85,West Suburbs
Grid_306,G,19.14625,72.87,West Suburbs
Grid_307,G,19.14625,72.89,West Suburbs
Grid_308,G,19.14625,72.91,East Suburbs
Grid_309,G,19.14625,72.93,East Suburbs
Grid_310,G,19.14625,72.95,East Suburbs
Grid_311,G,19.14625,72.97,East Suburbs
Grid_312,G,19.14625,72.99,East Suburbs
Grid_313,G,19.14625,73.01,East Suburbs
Grid_314,G,19.14625,73.03,East Suburbs
Grid_315,G,19.14625,73.05,East Suburbs
Grid_316,G,19.14625,73.07,East Suburbs
Grid_317,G,19.14625,73.09,East Suburbs
Grid_318,G,19.14625,73.11,East Suburbs
Grid_319,G,19.14625,73.13,East Suburbs
Grid_320,G,19.14625,73.15,East Suburbs
Grid_321,G,19.16333,72.77,North Suburbs
Grid_322,G,19.16333,72.79,North Suburbs
Grid_323,G,19.16333,72.81,North Suburbs
Grid_324,G,19.16333,72.83,North Suburbs
Grid_325,G,19.16333,72.85,North Suburbs
Grid_326,G,19.16333,72.87,North Suburbs
Grid_327,G,19.16333,72.89,North Suburbs
Grid_328,G,19.16333,72.91,North Suburbs
Grid_329,G,19.16333,72.93,North Suburbs
Grid_330,G,19.16333,72.95,North Suburbs
Grid_331,G,19.16333,72.97,North Suburbs
Grid_332,G,19.16333,72.99,North Suburbs
Grid_333,G,19.16333,73.01,North Suburbs
Grid_334,G,19.16333,73.03,North Suburbs
Grid_335,G,19.16333,73.05,North Suburbs
Grid_336,G,19.16333,73.07,North Suburbs
Grid_337,G,19.16333,73.09,North Suburbs
Grid_338,G,19.16333,73.11,North Suburbs
Grid_339,G,19.16333,73.13,North Suburbs
Grid_340,G,19.16333,73.15,North Suburbs
Grid_341,G,19.18042,72.77,North Suburbs
Grid_342,G,19.18042,72.79,North Suburbs
Grid_343,G,19.18042,72.81,North Suburbs
Grid_344,G,19.18042,72.83,North Suburbs
Grid_345,G,19.18042,72.85,North Suburbs
Grid_346,G,19.18042,72.87,North Suburbs
Grid_347,G,19.18042,72.89,North Suburbs
Grid_348,G,19.18042,72.91,North Suburbs
Grid_349,G,19.18042,72.93,North Suburbs
Grid_350,G,19.18042,72.95,North Suburbs
Grid_351,G,19.18042,72.97,North Suburbs
Grid_352,G,19.18042,72.99,North Suburbs
Grid_353,G,19.18042,73.01,North Suburbs
Grid_354,G,19.18042,73.03,North Suburbs
Grid_355,G,19.18042,73.05,North Suburbs
Grid_356,G,19.18042,73.07,North Suburbs
Grid_357,G,19.18042,73.09,North Suburbs
Grid_358,G,19.18042,73.11,North Suburbs
Grid_359,G,19.18042,73.13,North Suburbs
Grid_360,G,19.18042,73.15,North Suburbs
Grid_361,G,19.1975,72.77,North Suburbs
Grid_362,G,19.1975,72.79,North Suburbs
Grid_363,G,19.1975,72.81,North Suburbs
Grid_364,G,19.1975,72.83,North Suburbs
Grid_365,G,19.1975,72.85,North Suburbs
Grid_366,G,19.1975,72.87,North Suburbs
Grid_367,G,19.1975,72.89,North Suburbs
Grid_368,G,19.1975,72.91,North Suburbs
Grid_369,G,19.1975,72.93,North Suburbs
Grid_370,G,19.1975,72.95,North Suburbs
Grid_371,G,19.1975,72.97,North Suburbs
Grid_372,G,19.1975,72.99,North Suburbs
Grid_373,G,19.1975,73.01,North Suburbs
Grid_374,G,19.1975,73.03,North Suburbs
Grid_375,G,19.1975,73.05,North Suburbs
Grid_376,G,19.1975,73.07,North Suburbs
Grid_377,G,19.1975,73.09,North Suburbs
Grid_378,G,19.1975,73.11,North Suburbs
Grid_379,G,19.1975,73.13,North Suburbs
Grid_380,G,19.1975,73.15,North Suburbs
Grid_381,G,19.21458,72.77,North Suburbs
Grid_382,G,19.21458,72.79,North Suburbs
Grid_383,G,19.21458,72.81,North Suburbs
Grid_384,G,19.21458,72.83,North Suburbs
Grid_385,G,19.21458,72.85,North Suburbs
Grid_386,G,19.21458,72.87,North Suburbs
Grid_387,G,19.21458,72.89,North Suburbs
Grid_388,G,19.21458,72.91,North Suburbs
Grid_389,G,19.21458,72.93,North Suburbs
Grid_390,G,19.21458,72.95,North Suburbs
Grid_391,G,19.21458,72.97,North Suburbs
Grid_392,G,19.21458,72.99,North Suburbs
Grid_393,G,19.21458,73.01,North Suburbs
Grid_394,G,19.21458,73.03,North Suburbs
Grid_395,G,19.21458,73.05,North Suburbs
Grid_396,G,19.21458,73.07,North Suburbs
Grid_397,G,19.21458,73.09,North Suburbs
Grid_398,G,19.21458,73.11,North Suburbs
Grid_399,G,19.21458,73.13,North Suburbs
Grid_400,G,19.21458,73.15,North Suburbs
Grid_401,G,19.23167,72.77,North Suburbs
Grid_402,G,19.23167,72.79,North Suburbs
Grid_403,G,19.23167,72.81,North Suburbs
Grid_404,G,19.23167,72.83,North Suburbs
Grid_405,G,19.23167,72.85,North Suburbs
Grid_406,G,19.23167,72.87,North Suburbs
Grid_407,G,19.23167,72.89,North Suburbs
Grid_408,G,19.23167,72.91,North Suburbs
Grid_409,G,19.23167,72.93,North Suburbs
Grid_410,G,19.23167,72.95,North Suburbs
Grid_411,G,19.23167,72.97,North Suburbs
Grid_412,G,19.23167,72.99,North Suburbs
Grid_413,G,19.23167,73.01,North Suburbs
Grid_414,G,19.23167,73.03,North Suburbs
Grid_415,G,19.23167,73.05,North Suburbs
Grid_416,G,19.23167,73.07,North Suburbs
Grid_417,G,19.23167,73.09,North Suburbs
Grid_418,G,19.23167,73.11,North Suburbs
Grid_419,G,19.23167,73.13,North Suburbs
Grid_420,G,19.23167,73.15,North Suburbs
Grid_421,G,19.24875,72.77,North Suburbs
Grid_422,G,19.24875,72.79,North Suburbs
Grid_423,G,19.24875,72.81,North Suburbs
Grid_424,G,19.24875,72.83,North Suburbs
Grid_425,G,19.24875,72.85,North Suburbs
Grid_426,G,19.24875,72.87,North Suburbs
Grid_427,G,19.24875,72.89,North Suburbs
Grid_428,G,19.24875,72.91,North Suburbs
Grid_429,G,19.24875,72.93,North Suburbs
Grid_430,G,19.24875,72.95,North Suburbs
Grid_431,G,19.24875,72.97,North Suburbs
Grid_432,G,19.24875,72.99,North Suburbs
Grid_433,G,19.24875,73.01,North Suburbs
Grid_434,G,19.24875,73.03,North Suburbs
Grid_435,G,19.24875,73.05,North Suburbs
Grid_436,G,19.24875,73.07,North Suburbs
Grid_437,G,19.24875,73.09,North Suburbs
Grid_438,G,19.24875,73.11,North Suburbs
Grid_439,G,19.24875,73.13,North Suburbs
Grid_440,G,19.24875,73.15,North Suburbs
Grid_441,G,19.26583,72.77,North Suburbs
Grid_442,G,19.26583,72.79,North Suburbs
Grid_443,G,19.26583,72.81,North Suburbs
Grid_444,G,19.26583,72.83,North Suburbs
Grid_445,G,19.26583,72.85,North Suburbs
Grid_446,G,19.26583,72.87,North Suburbs
Grid_447,G,19.26583,72.89,North Suburbs
Grid_448,G,19.26583,72.91,North Suburbs
Grid_449,G,19.26583,72.93,North Suburbs
Grid_450,G,19.26583,72.95,North Suburbs
Grid_451,G,19.26583,72.97,North Suburbs
Grid_452,G,19.26583,72.99,North Suburbs
Grid_453,G,19.26583,73.01,North Suburbs
Grid_454,G,19.26583,73.03,North Suburbs
Grid_455,G,19.26583,73.05,North Suburbs
Grid_456,G,19.26583,73.07,North Suburbs
Grid_457,G,19.26583,73.09,North Suburbs
Grid_458,G,19.26583,73.11,North Suburbs
Grid_459,G,19.26583,73.13,North Suburbs
Grid_460,G,19.26583,73.15,North Suburbs
Grid_461,G,19.28292,72.77,North Suburbs
Grid_462,G,19.28292,72.79,North Suburbs
Grid_463,G,19.28292,72.81,North Suburbs
Grid_464,G,19.28292,72.83,North Suburbs
Grid_465,G,19.28292,72.85,North Suburbs
Grid_466,G,19.28292,72.87,North Suburbs
Grid_467,G,19.28292,72.89,North Suburbs
Grid_468,G,19.28292,72.91,North Suburbs
Grid_469,G,19.28292,72.93,North Suburbs
Grid_470,G,19.28292,72.95,North Suburbs
Grid_471,G,19.28292,72.97,North Suburbs
Grid_472,G,19.28292,72.99,North Suburbs
Grid_473,G,19.28292,73.01,North Suburbs
Grid_474,G,19.28292,73.03,North Suburbs
Grid_475,G,19.28292,73.05,North Suburbs
Grid_476,G,19.28292,73.07,North Suburbs
Grid_477,G,19.28292,73.09,North Suburbs
Grid_478,G,19.28292,73.11,North Suburbs
Grid_479,G,19.28292,73.13,North Suburbs
Grid_480,G,19.28292,73.15,North Suburbs
Grid_481,G,19.3,72.77,North Suburbs
Grid_482,G,19.3,72.79,North Suburbs
Grid_483,G,19.3,72.81,North Suburbs
Grid_484,G,19.3,72.83,North Suburbs
Grid_485,G,19.3,72.85,North Suburbs
Grid_486,G,19.3,72.87,North Suburbs
Grid_487,G,19.3,72.89,North Suburbs
Grid_488,G,19.3,72.91,North Suburbs
Grid_489,G,19.3,72.93,North Suburbs
Grid_490,G,19.3,72.95,North Suburbs
Grid_491,G,19.3,72.97,North Suburbs
Grid_492,G,19.3,72.99,North Suburbs
Grid_493,G,19.3,73.01,North Suburbs
Grid_494,G,19.3,73.03,North Suburbs
Grid_495,G,19.3,73.05,North Suburbs
Grid_496,G,19.3,73.07,North Suburbs
Grid_497,G,19.3,73.09,North Suburbs
Grid_498,G,19.3,73.11,North Suburbs
Grid_499,G,19.3,73.13,North Suburbs
Grid_500,G,19.3,73.15,North Suburbs
